# How often a word is written in English, per million words, for the twenty
# thousand commonest of them. Counts from Peter Norvig's count_1w.txt, which
# comes off the Google Web Trillion Word Corpus; turned into a rate here so
# that nothing has to divide by the size of a corpus it cannot see, and cut to
# words of three letters and up because nothing shorter is measured against it.
the	39338.375
and	22100.158
for	10088.552
that	5781.145
this	5489.435
with	5412.310
you	5094.470
not	4477.774
are	4069.914
from	3869.243
your	3506.175
all	3438.831
have	2659.647
new	2637.638
more	2626.608
was	2522.305
will	2306.135
home	2171.059
can	2112.349
about	2085.842
page	1839.954
has	1779.080
search	1741.287
free	1724.308
but	1700.150
our	1698.209
one	1689.331
other	1663.732
information	1585.710
time	1545.091
they	1501.764
site	1435.598
may	1407.563
what	1381.333
which	1378.134
their	1331.095
news	1284.465
out	1260.961
use	1224.198
any	1208.488
there	1192.214
see	1158.616
only	1125.347
his	1122.514
when	1106.265
contact	1098.108
here	1087.714
business	1083.333
who	1072.779
web	1053.471
also	1048.809
now	1039.555
help	1038.988
get	1030.368
view	1024.068
online	1022.432
first	983.060
been	977.718
would	973.679
how	972.325
were	970.372
services	955.932
some	933.186
these	919.880
click	912.641
its	893.736
like	885.162
service	883.380
than	854.597
find	853.634
price	852.968
date	831.402
back	829.798
top	823.319
people	816.670
had	816.550
list	803.556
name	789.855
just	786.970
over	780.826
state	770.423
year	767.002
day	758.745
into	757.179
email	754.857
two	750.519
health	748.849
world	734.427
next	724.172
used	716.580
work	713.257
last	710.057
most	707.691
products	704.575
music	703.982
buy	698.458
data	691.875
make	688.774
them	685.230
should	683.577
product	678.626
system	674.985
post	668.152
her	666.460
city	664.086
add	658.418
policy	653.607
number	652.562
such	647.356
please	646.201
available	645.517
copyright	635.761
support	635.091
message	634.358
after	634.132
best	632.269
software	629.998
then	628.998
jan	623.059
good	621.971
video	621.314
well	615.657
where	612.912
info	599.130
rights	598.600
public	593.899
books	591.219
high	587.313
school	583.308
through	582.145
each	579.627
links	577.984
she	576.700
review	576.524
years	574.439
order	572.381
very	569.477
privacy	566.670
book	562.738
items	561.965
company	551.367
read	548.067
group	547.236
sex	544.283
need	543.043
many	542.345
user	538.060
said	536.613
does	533.933
set	532.999
under	532.705
general	530.088
research	529.715
university	529.436
january	527.688
mail	527.673
full	526.979
map	526.550
reviews	523.162
program	521.466
life	521.249
know	520.470
games	520.181
way	519.475
days	518.849
management	517.240
part	514.737
could	514.026
great	512.625
united	508.872
hotel	506.653
real	506.142
item	504.205
international	502.682
center	500.437
ebay	498.498
must	497.811
store	495.319
travel	489.215
comments	488.942
made	488.592
development	486.787
report	486.695
off	482.952
member	482.651
details	477.497
line	476.106
terms	472.189
before	471.917
hotels	468.457
did	468.217
send	466.064
right	465.242
type	463.060
because	461.338
local	460.350
those	459.111
using	458.150
results	455.994
office	453.628
education	453.540
national	452.926
car	450.110
design	449.647
take	449.480
posted	448.632
internet	448.506
address	445.268
community	445.211
within	444.448
states	443.677
area	441.865
want	439.857
phone	436.377
dvd	436.184
shipping	436.169
reserved	436.036
subject	435.653
between	434.324
forum	432.695
family	432.160
long	429.364
based	429.170
code	425.497
show	420.901
even	417.765
black	416.052
check	415.713
special	415.409
prices	413.919
website	412.968
index	412.883
being	412.809
women	412.363
much	412.033
sign	411.972
file	411.247
link	408.762
open	407.517
today	406.838
technology	405.823
south	405.665
case	400.533
project	400.022
same	399.274
pages	397.877
version	395.233
section	394.903
own	394.494
found	394.485
sports	394.244
house	393.302
related	392.991
security	391.098
both	388.776
county	386.938
american	386.883
photo	386.186
game	386.162
members	385.388
power	385.287
while	384.604
care	383.128
network	382.945
down	382.429
computer	381.173
systems	380.117
three	379.881
total	378.576
place	375.720
end	375.452
following	375.278
download	375.135
him	373.248
without	372.694
per	372.278
access	370.648
think	370.426
north	370.346
resources	369.426
current	368.948
posts	368.667
big	368.443
media	368.005
law	367.478
control	366.522
water	365.873
history	365.570
pictures	365.565
size	365.304
art	365.064
personal	365.011
since	364.384
including	364.201
guide	362.812
shop	361.818
directory	361.282
board	361.082
location	359.181
change	358.090
white	356.836
text	354.993
small	354.299
rating	353.427
rate	353.045
government	351.257
children	351.181
during	350.886
usa	350.626
return	349.637
students	348.228
shopping	347.043
account	346.205
times	345.082
sites	344.750
level	344.423
digital	344.054
profile	343.218
previous	342.942
form	342.436
events	342.165
love	341.873
old	339.544
john	339.457
main	339.413
call	339.399
hours	337.077
image	336.450
department	335.462
title	334.412
description	333.775
non	333.449
insurance	328.623
another	327.373
why	326.463
shall	326.400
property	326.093
class	324.911
still	323.798
money	323.410
quality	322.227
every	321.915
listing	321.336
content	321.157
country	320.836
private	319.466
little	318.202
visit	318.066
save	316.415
tools	315.505
low	314.246
reply	314.182
customer	313.551
december	311.562
compare	311.504
movies	310.716
include	310.443
college	310.386
value	309.563
article	309.406
york	308.704
man	308.516
card	308.416
jobs	307.887
provide	307.828
food	306.303
source	305.996
author	305.741
different	305.708
press	305.467
learn	305.086
sale	304.739
around	304.034
print	303.084
course	302.617
job	302.159
canada	301.219
process	300.666
teen	299.769
room	299.766
stock	299.759
training	299.476
too	299.415
credit	299.115
point	298.454
join	296.362
science	296.252
men	295.955
categories	295.582
advanced	294.873
west	294.745
sales	294.571
look	294.229
english	293.087
left	292.035
team	291.924
estate	287.790
box	287.748
conditions	287.281
select	286.798
windows	286.559
photos	285.361
gay	284.953
thread	284.835
week	284.297
category	283.634
note	283.371
live	282.262
large	282.022
gallery	281.695
table	281.134
register	280.271
however	278.780
june	278.771
october	277.770
november	277.677
market	276.115
library	275.582
really	275.509
action	275.492
start	275.305
series	274.633
model	274.102
features	273.686
air	273.497
industry	273.433
plan	273.320
human	273.027
provided	271.687
yes	271.363
required	271.165
second	270.935
hot	270.839
accessories	270.321
cost	270.159
movie	269.367
forums	269.349
march	269.129
september	267.260
better	267.085
say	266.687
questions	266.447
july	266.385
yahoo	264.797
going	264.033
medical	263.982
test	263.549
friend	262.746
come	262.404
dec	262.361
server	261.490
study	260.112
application	259.769
cart	258.713
staff	257.689
articles	257.652
san	257.344
feedback	256.762
again	256.377
play	256.321
looking	256.086
issues	255.229
april	255.009
never	254.295
users	253.892
complete	253.879
street	253.570
topic	253.351
comment	252.717
financial	252.209
things	251.596
working	251.097
against	250.389
standard	250.249
tax	249.788
person	249.521
below	247.740
mobile	247.380
less	247.278
got	246.645
blog	246.617
party	246.049
payment	245.945
equipment	245.353
login	245.187
student	244.149
let	243.252
programs	242.293
offers	241.595
legal	241.529
above	241.266
recent	241.047
park	240.678
stores	240.103
side	240.009
act	239.875
problem	239.766
red	239.404
give	239.216
memory	238.861
performance	237.553
social	237.308
august	237.127
quote	236.756
language	235.525
story	235.382
sell	234.128
options	234.099
experience	233.173
rates	233.096
create	233.065
key	232.711
body	232.197
young	231.825
america	231.609
important	231.420
field	230.035
few	229.769
east	229.606
paper	229.440
single	229.125
age	225.676
activities	225.607
club	225.171
example	225.070
girls	224.996
additional	224.762
password	224.683
latest	224.361
something	224.164
road	224.103
gift	223.453
question	222.138
changes	222.011
night	221.945
hard	221.135
texas	220.020
oct	219.854
pay	219.679
four	219.626
poker	219.435
status	219.332
browse	218.900
issue	218.367
range	218.177
building	218.068
seller	217.248
court	217.165
february	217.139
always	217.020
result	216.663
audio	215.966
light	215.430
write	215.337
war	215.120
nov	215.025
offer	214.630
blue	214.514
groups	213.925
easy	213.473
given	213.463
files	213.432
event	213.416
release	213.120
analysis	212.454
request	211.895
fax	211.691
china	211.642
making	211.178
picture	211.038
needs	210.153
possible	209.669
might	209.473
professional	209.416
yet	209.412
month	209.187
major	208.446
star	208.286
areas	207.416
future	207.175
space	206.598
committee	206.327
hand	206.243
sun	206.110
cards	205.900
problems	205.888
london	205.874
washington	205.702
meeting	205.423
rss	204.972
become	204.880
interest	204.503
child	203.609
keep	203.363
enter	203.008
california	202.979
porn	202.840
share	202.839
similar	202.595
garden	202.364
schools	202.302
million	202.030
added	201.336
reference	200.855
companies	200.818
listed	200.555
baby	200.121
learning	200.082
energy	199.704
run	199.301
delivery	199.141
net	198.740
popular	198.080
term	197.718
film	197.404
stories	196.395
put	195.886
computers	195.823
journal	194.742
reports	194.714
try	194.490
welcome	193.880
central	193.568
images	193.476
president	193.422
notice	193.313
god	193.198
original	192.907
head	192.674
radio	192.622
until	192.289
cell	192.251
color	192.078
self	191.970
council	191.956
away	191.860
includes	191.230
track	191.091
australia	190.771
discussion	190.391
archive	190.388
once	190.235
others	189.412
entertainment	189.407
agreement	189.341
format	189.211
least	189.126
society	189.074
months	189.063
log	189.025
safety	188.845
friends	188.281
sure	187.934
faq	187.586
trade	187.183
edition	187.123
cars	186.556
messages	186.521
marketing	186.349
tell	186.277
further	186.233
updated	186.193
association	186.043
able	185.996
having	185.947
provides	185.698
david	185.449
fun	184.297
already	184.187
green	184.124
studies	183.677
close	183.385
common	183.361
drive	183.294
specific	183.270
several	182.937
gold	182.781
feb	182.756
living	182.302
sep	182.181
collection	182.142
called	181.897
short	181.518
arts	181.026
lot	180.923
ask	180.915
display	180.816
limited	180.498
powered	180.438
solutions	180.410
means	180.143
director	180.050
daily	179.958
beach	179.626
past	179.597
natural	178.707
whether	178.559
due	178.378
electronics	177.225
five	177.115
upon	176.699
period	176.674
planning	176.627
database	176.377
says	176.320
official	176.019
weather	175.697
mar	175.478
land	175.359
average	174.857
done	174.814
technical	174.781
window	174.643
france	174.620
pro	174.420
region	174.372
island	173.972
record	173.832
direct	173.831
microsoft	173.704
conference	173.412
environment	173.364
records	173.044
district	172.286
calendar	172.249
costs	171.887
style	171.774
url	171.574
front	171.539
statement	171.510
update	171.333
parts	171.116
aug	170.887
ever	170.482
downloads	170.436
early	170.055
miles	170.053
sound	170.051
resource	169.971
present	169.047
applications	168.883
either	168.575
ago	168.059
document	167.828
word	167.773
works	167.621
material	167.530
bill	167.472
apr	166.770
written	166.728
talk	166.378
federal	166.355
hosting	166.203
rules	166.051
final	166.035
adult	165.923
tickets	165.886
thing	165.699
centre	165.370
requirements	165.328
via	165.215
cheap	165.016
nude	164.479
kids	164.256
finance	164.173
true	163.689
minutes	163.643
else	163.265
mark	162.562
third	162.362
rock	162.361
gifts	162.232
europe	162.165
reading	162.023
topics	161.756
bad	161.695
individual	161.216
tips	161.192
plus	161.072
auto	161.021
cover	160.683
usually	160.642
edit	160.101
together	160.024
videos	159.948
percent	159.892
fast	159.731
function	159.624
fact	159.504
unit	159.345
getting	158.952
global	158.896
tech	158.813
meet	158.599
far	158.235
economic	158.205
player	157.636
projects	157.456
lyrics	157.415
often	157.367
subscribe	157.205
submit	157.163
germany	156.687
amount	156.497
watch	156.441
included	156.434
feel	156.300
though	156.270
bank	155.680
risk	155.556
thanks	155.407
everything	155.389
deals	155.052
various	154.995
words	154.576
linux	154.481
jul	154.407
production	154.071
commercial	153.972
james	153.940
weight	153.890
town	153.843
heart	153.453
advertising	153.386
received	153.093
choose	153.046
treatment	153.032
newsletter	152.737
archives	152.734
points	152.655
knowledge	152.603
magazine	152.594
error	152.003
camera	151.881
jun	151.592
girl	151.565
currently	151.458
construction	150.938
toys	150.840
registered	150.490
clear	150.389
golf	150.194
receive	150.188
domain	149.794
methods	149.454
chapter	149.429
makes	149.339
protection	149.329
policies	149.274
loan	149.264
wide	149.053
beauty	148.901
manager	148.679
india	148.594
position	148.165
taken	147.962
sort	147.904
listings	147.602
models	147.202
michael	147.124
known	146.900
half	146.721
cases	146.662
step	146.478
engineering	146.167
florida	145.847
simple	145.578
quick	145.521
none	145.417
wireless	145.094
license	145.083
paul	144.974
friday	144.944
lake	144.938
whole	144.872
annual	144.602
published	144.397
later	144.286
basic	144.256
sony	144.202
shows	144.195
corporate	144.013
google	143.794
church	143.774
method	143.506
purchase	143.393
customers	143.367
active	142.971
response	142.938
practice	142.891
hardware	142.831
figure	142.742
materials	142.660
fire	142.564
holiday	142.269
chat	142.190
enough	142.134
designed	142.078
along	141.883
among	141.860
death	141.495
writing	141.410
speed	141.357
html	141.287
countries	141.267
loss	141.154
face	140.800
brand	140.799
discount	140.526
higher	140.303
effects	140.105
created	140.009
remember	139.804
standards	139.732
oil	139.729
bit	139.620
yellow	139.468
political	139.463
increase	139.398
advertise	139.368
kingdom	139.279
base	139.247
near	138.836
environmental	138.740
thought	138.680
stuff	138.482
french	138.401
storage	138.271
japan	137.914
doing	137.423
loans	137.422
shoes	137.310
entry	137.246
stay	137.206
nature	137.146
orders	137.055
availability	137.019
africa	136.990
summary	136.921
turn	136.583
mean	136.556
growth	136.023
notes	135.955
agency	135.882
king	135.671
monday	135.511
european	135.457
activity	135.403
copy	135.372
although	135.311
drug	135.047
pics	134.875
western	134.760
income	134.734
force	134.665
cash	134.619
employment	134.504
overall	134.313
bay	134.269
river	134.060
commission	134.015
package	133.341
contents	133.247
seen	133.246
players	133.123
engine	132.758
port	132.713
album	132.479
regional	132.205
stop	132.199
supplies	131.902
started	131.801
administration	131.801
bar	131.562
institute	131.525
views	131.491
plans	131.427
double	131.414
dog	131.387
build	131.270
screen	131.237
exchange	131.060
types	131.045
soon	130.990
sponsored	130.678
lines	130.595
electronic	130.427
continue	130.345
across	130.240
benefits	130.212
needed	130.122
season	129.982
apply	129.805
someone	129.585
held	129.396
anything	129.199
printer	129.185
condition	129.162
effective	129.158
believe	129.085
organization	128.551
effect	128.535
asked	128.430
eur	128.342
mind	128.194
sunday	128.012
selection	127.859
casino	127.178
pdf	127.138
lost	127.097
tour	127.018
menu	126.434
volume	126.306
cross	126.216
anyone	126.113
mortgage	126.097
hope	126.072
silver	125.949
corporation	125.949
wish	125.898
inside	125.869
solution	125.825
mature	125.615
role	125.295
rather	125.254
weeks	125.096
addition	124.862
came	124.611
supply	124.498
nothing	124.436
certain	124.307
usr	124.233
executive	124.142
running	123.918
lower	123.455
necessary	123.451
union	123.450
jewelry	123.404
according	123.364
clothing	123.198
mon	123.150
com	122.908
particular	122.520
fine	122.376
names	122.285
robert	122.132
homepage	122.108
hour	122.025
gas	121.605
skills	121.375
six	121.346
bush	121.214
islands	121.181
advice	121.180
career	121.146
military	121.113
rental	120.746
decision	120.734
leave	120.651
british	120.574
teens	120.484
pre	120.437
huge	120.110
sat	120.110
woman	120.066
facilities	120.034
zip	119.960
bid	119.749
kind	119.737
sellers	119.494
middle	119.303
move	119.215
cable	119.163
opportunities	119.080
taking	119.018
values	118.931
division	118.889
coming	118.834
tuesday	118.756
object	118.715
lesbian	118.572
appropriate	118.463
machine	118.454
logo	118.223
length	118.121
actually	118.078
nice	117.995
score	117.858
statistics	117.653
client	117.644
returns	117.429
capital	117.309
follow	117.293
sample	117.250
investment	117.137
sent	117.075
shown	116.907
saturday	116.791
christmas	116.725
england	116.677
culture	116.653
band	116.589
flash	116.288
lead	116.175
george	116.067
choice	116.000
went	115.843
starting	115.758
registration	115.665
fri	115.510
thursday	115.199
courses	115.166
consumer	115.054
airport	114.726
foreign	114.675
artist	114.638
outside	114.629
furniture	114.598
levels	114.535
channel	114.521
letter	114.499
mode	114.458
phones	114.452
ideas	114.448
wednesday	114.284
structure	114.247
fund	114.141
summer	114.096
allow	114.011
degree	113.972
contract	113.745
button	113.600
releases	113.598
wed	113.575
homes	113.502
super	113.417
male	113.307
matter	113.297
custom	113.232
virginia	113.209
almost	112.893
took	112.726
located	112.646
multiple	112.513
asian	112.354
distribution	112.347
editor	112.246
inn	112.234
industrial	112.088
cause	112.059
potential	111.941
song	111.936
cnet	111.887
ltd	111.793
los	111.681
focus	111.587
late	111.498
fall	111.373
featured	111.325
idea	111.302
rooms	111.292
female	111.214
responsible	111.064
inc	111.053
communications	111.040
win	110.970
associated	110.892
thomas	110.816
primary	110.758
cancer	110.654
numbers	110.652
reason	110.634
tool	110.537
browser	110.223
spring	110.205
foundation	110.102
answer	109.925
voice	109.842
friendly	109.743
schedule	109.678
documents	109.564
communication	109.464
purpose	109.356
feature	109.312
bed	109.268
comes	109.257
police	109.157
everyone	109.157
independent	109.109
approach	109.090
cameras	109.082
brown	109.011
physical	108.974
operating	108.900
hill	108.835
maps	108.732
medicine	108.535
deal	108.529
hold	108.442
ratings	108.441
chicago	108.403
forms	108.075
glass	108.072
happy	107.923
tue	107.780
smith	107.729
wanted	107.633
developed	107.546
thank	107.519
safe	107.406
unique	107.319
survey	107.111
prior	107.034
telephone	106.944
sport	106.583
ready	106.555
feed	106.549
animal	106.383
sources	106.368
mexico	106.345
population	106.189
regular	105.945
secure	105.909
navigation	105.765
operations	105.664
therefore	105.560
ass	105.523
simply	105.442
evidence	105.441
station	105.237
christian	105.204
round	105.142
paypal	105.132
favorite	105.048
understand	104.944
option	104.939
master	104.917
valley	104.901
recently	104.800
probably	104.785
thu	104.778
rentals	104.637
sea	104.626
built	104.575
publications	104.574
blood	104.312
cut	104.293
worldwide	104.263
improve	104.239
connection	104.234
publisher	104.213
hall	104.171
larger	104.171
anti	104.106
networks	103.844
earth	103.821
parents	103.781
nokia	103.779
impact	103.749
transfer	103.739
introduction	103.727
kitchen	103.678
strong	103.667
tel	103.427
carolina	103.410
wedding	103.309
properties	103.290
hospital	103.245
ground	103.174
overview	103.152
ship	103.124
accommodation	103.022
owners	103.007
disease	102.939
excellent	102.557
paid	102.521
italy	102.496
perfect	102.324
hair	102.112
opportunity	102.076
kit	101.957
classic	101.947
basis	101.852
command	101.799
cities	101.695
william	101.687
express	101.675
anal	101.639
award	101.428
distance	101.426
tree	101.378
peter	101.240
assessment	101.191
ensure	101.182
thus	101.080
wall	101.051
involved	101.013
extra	100.960
especially	100.891
interface	100.842
pussy	100.670
partners	100.554
budget	100.500
rated	100.492
guides	100.479
success	100.296
maximum	100.206
operation	100.074
existing	99.984
quite	99.941
selected	99.755
boy	99.748
amazon	99.737
patients	99.735
restaurants	99.604
beautiful	99.475
warning	99.467
wine	99.455
locations	99.419
horse	99.390
vote	99.277
forward	99.269
flowers	99.256
stars	99.218
significant	99.194
lists	99.042
technologies	98.997
owner	98.940
retail	98.934
animals	98.922
useful	98.864
directly	98.864
manufacturer	98.831
ways	98.813
est	98.809
son	98.779
providing	98.547
rule	98.470
mac	98.408
housing	98.262
takes	98.252
iii	98.104
gmt	97.956
bring	97.952
catalog	97.883
searches	97.754
max	97.737
trying	97.705
mother	97.654
authority	97.604
considered	97.562
told	97.341
xml	97.329
traffic	97.328
programme	97.280
joined	97.263
input	97.244
strategy	97.208
feet	97.168
agent	97.095
valid	97.079
bin	97.048
modern	96.969
senior	96.808
ireland	96.586
sexy	96.504
teaching	96.370
door	96.304
grand	96.237
testing	96.177
trial	96.149
charge	96.140
units	96.089
instead	96.068
canadian	96.056
cool	96.019
normal	95.971
wrote	95.935
enterprise	95.924
ships	95.839
entire	95.701
educational	95.699
leading	95.561
metal	95.527
positive	95.443
fitness	95.327
chinese	95.316
opinion	95.284
asia	95.183
football	95.172
abstract	95.136
uses	94.950
output	94.911
funds	94.745
greater	94.663
likely	94.656
develop	94.557
employees	94.409
artists	94.376
alternative	94.371
processing	94.345
responsibility	94.280
resolution	94.248
java	94.130
guest	94.016
seems	93.988
publication	93.856
pass	93.840
relations	93.825
trust	93.785
van	93.768
contains	93.766
session	93.762
multi	93.741
photography	93.660
republic	93.605
fees	93.458
components	93.458
vacation	93.427
century	93.398
academic	93.324
assistance	93.230
completed	93.196
skin	93.160
graphics	93.146
indian	92.916
prev	92.798
ads	92.691
mary	92.529
expected	92.407
ring	92.400
grade	92.285
dating	92.284
pacific	92.255
mountain	92.107
organizations	92.067
pop	92.056
filter	91.999
mailing	91.981
vehicle	91.952
longer	91.926
consider	91.923
int	91.818
northern	91.607
behind	91.520
panel	91.451
floor	91.409
german	91.326
buying	91.026
match	91.022
proposed	90.989
default	90.987
require	90.959
iraq	90.952
boys	90.907
outdoor	90.903
deep	90.878
morning	90.872
otherwise	90.808
allows	90.717
rest	90.648
protein	90.549
plant	90.538
reported	90.439
hit	90.409
transportation	90.326
pool	90.197
mini	90.160
politics	90.130
partner	90.083
disclaimer	89.977
authors	89.933
boards	89.909
faculty	89.804
parties	89.776
fish	89.703
membership	89.672
mission	89.635
eye	89.588
string	89.575
sense	89.487
modified	89.365
pack	89.362
released	89.346
stage	89.298
internal	89.293
goods	89.279
recommended	89.261
born	89.185
unless	89.159
richard	89.137
detailed	89.091
japanese	88.962
race	88.922
approved	88.784
background	88.781
target	88.757
except	88.729
character	88.465
usb	88.431
maintenance	88.428
ability	88.424
maybe	88.239
functions	88.105
moving	88.019
brands	87.902
places	87.900
php	87.826
pretty	87.772
trademarks	87.721
phentermine	87.698
spain	87.657
southern	87.629
yourself	87.621
etc	87.610
winter	87.538
rape	87.488
battery	87.481
youth	87.441
pressure	87.409
submitted	87.375
boston	87.375
incest	87.325
debt	87.311
keywords	87.281
medium	87.278
television	87.234
interested	87.196
core	87.132
break	87.130
purposes	87.096
throughout	86.989
sets	86.982
dance	86.968
wood	86.938
msn	86.871
itself	86.847
defined	86.773
papers	86.758
playing	86.749
awards	86.672
fee	86.601
studio	86.569
reader	86.526
virtual	86.451
device	86.410
established	86.407
answers	86.378
rent	86.320
las	86.210
remote	86.178
dark	86.155
programming	86.088
external	86.044
apple	85.953
regarding	85.713
instructions	85.705
min	85.679
offered	85.607
theory	85.486
enjoy	85.257
remove	85.078
aid	85.054
surface	85.054
minimum	85.019
visual	84.964
host	84.878
variety	84.752
teachers	84.731
isbn	84.587
martin	84.504
manual	84.503
block	84.497
subjects	84.292
agents	84.253
increased	84.246
repair	84.188
fair	84.184
civil	84.158
steel	84.085
understanding	83.981
songs	83.779
fixed	83.682
wrong	83.582
beginning	83.569
hands	83.465
associates	83.351
finally	83.314
updates	83.075
desktop	83.061
classes	83.039
paris	83.029
ohio	82.997
gets	82.988
sector	82.885
capacity	82.851
requires	82.753
jersey	82.735
fat	82.714
fully	82.664
father	82.602
electric	82.571
saw	82.542
instruments	82.453
quotes	82.449
officer	82.437
driver	82.403
businesses	82.329
dead	82.269
respect	82.176
unknown	82.170
specified	82.099
restaurant	82.049
mike	81.960
trip	81.914
pst	81.849
worth	81.743
procedures	81.723
poor	81.706
teacher	81.620
xxx	81.597
eyes	81.573
relationship	81.547
workers	81.537
farm	81.505
fucking	81.466
georgia	81.442
peace	81.371
traditional	81.356
campus	81.322
tom	81.233
showing	81.182
creative	81.169
coast	81.133
benefit	81.111
progress	81.062
funding	81.040
devices	80.958
lord	80.957
grant	80.952
sub	80.916
agree	80.767
fiction	80.679
hear	80.640
sometimes	80.600
watches	80.535
careers	80.501
beyond	80.451
goes	80.388
families	80.342
led	80.275
museum	80.247
themselves	80.214
fan	79.992
transport	79.985
interesting	79.887
blogs	79.878
wife	79.824
evaluation	79.795
accepted	79.782
former	79.775
implementation	79.770
ten	79.758
hits	79.747
zone	79.741
complex	79.687
cat	79.643
galleries	79.575
references	79.487
die	79.482
presented	79.455
jack	79.453
flat	79.385
flow	79.378
agencies	79.253
literature	79.247
respective	79.114
parent	79.093
spanish	79.035
michigan	78.958
columbia	78.840
setting	78.805
scale	78.738
stand	78.712
economy	78.617
highest	78.614
helpful	78.570
monthly	78.553
critical	78.446
frame	78.351
musical	78.312
definition	78.244
secretary	78.239
angeles	78.187
networking	78.076
path	78.055
australian	77.762
employee	77.738
chief	77.704
gives	77.618
bottom	77.532
magazines	77.492
packages	77.435
detail	77.355
francisco	77.331
laws	77.287
changed	77.286
pet	77.272
heard	77.257
begin	77.254
individuals	77.249
colorado	77.212
royal	77.207
clean	77.164
switch	77.080
russian	77.063
largest	77.050
african	77.049
guy	77.001
titles	76.977
relevant	76.926
guidelines	76.867
justice	76.761
connect	76.741
bible	76.652
dev	76.595
cup	76.569
basket	76.555
applied	76.447
weekly	76.435
vol	76.424
installation	76.406
described	76.353
demand	76.273
suite	76.225
vegas	76.192
square	76.148
chris	76.097
attention	76.094
advance	76.071
skip	75.973
diet	75.960
army	75.955
auction	75.868
gear	75.783
lee	75.769
difference	75.744
allowed	75.709
correct	75.610
charles	75.607
nation	75.545
selling	75.453
lots	75.428
piece	75.322
sheet	75.316
firm	75.230
seven	75.197
older	75.192
illinois	75.179
regulations	75.157
elements	75.120
species	75.085
jump	75.048
cells	75.032
module	75.031
resort	75.016
facility	74.899
random	74.880
pricing	74.859
dvds	74.810
certificate	74.768
minister	74.698
motion	74.690
looks	74.639
fashion	74.616
directions	74.601
visitors	74.598
documentation	74.597
monitor	74.556
trading	74.314
forest	74.248
calls	74.239
whose	74.192
coverage	74.171
couple	74.097
giving	73.975
chance	73.899
vision	73.837
ball	73.794
ending	73.642
clients	73.588
actions	73.553
listen	73.543
discuss	73.468
accept	73.405
automotive	73.333
naked	73.302
goal	73.241
successful	73.185
sold	73.078
wind	73.071
communities	73.061
clinical	73.031
situation	72.910
sciences	72.896
markets	72.888
lowest	72.886
highly	72.871
publishing	72.789
appear	72.776
emergency	72.723
developing	72.721
lives	72.689
currency	72.638
leather	72.628
determine	72.616
milf	72.515
temperature	72.511
palm	72.487
announcements	72.397
patient	72.367
actual	72.354
historical	72.266
stone	72.255
bob	72.253
commerce	72.195
ringtones	72.189
perhaps	72.179
persons	72.155
difficult	72.155
scientific	72.120
satellite	72.058
fit	71.996
tests	71.985
village	71.985
accounts	71.975
amateur	71.866
met	71.793
pain	71.724
xbox	71.691
particularly	71.686
factors	71.595
coffee	71.561
www	71.544
settings	71.520
cum	71.497
buyer	71.455
cultural	71.452
steve	71.409
easily	71.327
oral	71.324
ford	71.281
poster	71.232
edge	71.191
functional	71.180
root	71.133
closed	71.044
holidays	70.955
ice	70.914
pink	70.911
zealand	70.865
balance	70.821
monitoring	70.814
graduate	70.810
replies	70.782
shot	70.758
architecture	70.520
initial	70.347
label	70.325
thinking	70.280
scott	70.268
llc	70.191
sec	70.015
recommend	69.963
canon	69.959
hardcore	69.926
league	69.899
waste	69.865
minute	69.818
bus	69.788
provider	69.673
optional	69.439
dictionary	69.438
cold	69.430
accounting	69.406
manufacturing	69.342
sections	69.324
chair	69.312
fishing	69.255
effort	69.251
phase	69.242
fields	69.200
bag	69.155
fantasy	69.146
letters	69.099
motor	69.060
professor	68.987
context	68.979
install	68.867
shirt	68.866
apparel	68.860
generally	68.754
continued	68.717
foot	68.695
mass	68.633
crime	68.628
count	68.601
breast	68.581
techniques	68.486
ibm	68.454
johnson	68.354
quickly	68.288
dollars	68.245
websites	68.230
religion	68.175
claim	68.158
driving	68.070
permission	68.069
surgery	68.057
patch	68.012
heat	67.964
wild	67.906
measures	67.906
generation	67.864
kansas	67.861
miss	67.839
chemical	67.828
doctor	67.751
task	67.728
reduce	67.725
brought	67.664
himself	67.601
nor	67.593
component	67.592
enable	67.559
exercise	67.502
bug	67.456
santa	67.443
mid	67.351
guarantee	67.339
leader	67.319
diamond	67.287
israel	67.183
processes	67.078
soft	67.062
servers	66.873
alone	66.868
meetings	66.836
seconds	66.831
jones	66.818
arizona	66.794
keyword	66.728
interests	66.718
flight	66.703
congress	66.630
fuel	66.565
username	66.534
walk	66.532
fuck	66.482
produced	66.365
italian	66.341
paperback	66.338
classifieds	66.336
wait	66.315
supported	66.294
pocket	66.196
saint	66.192
rose	66.162
freedom	66.159
argument	66.146
competition	66.119
creating	66.081
jim	66.065
drugs	66.019
joint	66.018
premium	65.961
providers	65.951
fresh	65.942
characters	65.937
attorney	65.935
upgrade	65.934
factor	65.871
growing	65.852
thousands	65.651
stream	65.620
apartments	65.578
pick	65.534
hearing	65.499
eastern	65.474
auctions	65.457
therapy	65.392
entries	65.364
dates	65.364
generated	65.357
signed	65.241
upper	65.193
administrative	65.189
serious	65.151
prime	65.137
samsung	65.108
limit	65.106
began	65.070
louis	65.053
steps	65.045
errors	65.026
shops	65.023
bondage	65.015
del	64.993
efforts	64.991
informed	64.965
thoughts	64.889
creek	64.883
worked	64.830
quantity	64.822
urban	64.762
practices	64.630
sorted	64.616
reporting	64.605
essential	64.591
myself	64.584
tours	64.539
platform	64.494
load	64.436
affiliate	64.404
labor	64.385
immediately	64.371
admin	64.332
nursing	64.311
defense	64.305
machines	64.249
designated	64.233
tags	64.157
heavy	64.048
covered	64.038
recovery	64.008
joe	64.005
guys	63.939
integrated	63.932
configuration	63.915
cock	63.886
merchant	63.881
comprehensive	63.838
expert	63.825
universal	63.751
protect	63.687
drop	63.648
solid	63.637
cds	63.586
presentation	63.570
languages	63.551
became	63.478
orange	63.449
compliance	63.432
vehicles	63.344
prevent	63.333
theme	63.286
rich	63.254
campaign	63.167
marine	63.155
improvement	63.139
guitar	63.093
finding	63.086
pennsylvania	62.979
examples	62.955
ipod	62.887
saying	62.881
spirit	62.864
claims	62.814
porno	62.785
challenge	62.773
motorola	62.773
acceptance	62.682
strategies	62.675
seem	62.662
affairs	62.626
touch	62.625
intended	62.624
towards	62.570
goals	62.515
hire	62.476
election	62.450
suggest	62.447
branch	62.422
charges	62.420
serve	62.398
affiliates	62.378
reasons	62.378
magic	62.362
mount	62.314
smart	62.294
talking	62.262
gave	62.191
ones	62.160
latin	62.144
multimedia	62.100
tits	62.086
avoid	62.076
certified	62.050
manage	61.959
corner	61.925
rank	61.906
computing	61.860
oregon	61.813
element	61.733
birth	61.698
virus	61.698
abuse	61.670
interactive	61.642
requests	61.619
separate	61.447
quarter	61.441
procedure	61.432
leadership	61.396
tables	61.364
define	61.359
racing	61.347
religious	61.290
facts	61.282
breakfast	61.197
kong	61.193
column	61.189
plants	61.106
faith	61.104
chain	61.090
developer	61.025
identify	60.964
avenue	60.953
missing	60.894
died	60.877
approximately	60.867
domestic	60.743
sitemap	60.740
recommendations	60.740
moved	60.724
houston	60.697
reach	60.681
comparison	60.673
mental	60.658
viewed	60.645
moment	60.635
extended	60.619
sequence	60.605
inch	60.582
attack	60.531
sorry	60.524
centers	60.516
opening	60.426
damage	60.412
lab	60.406
reserve	60.389
recipes	60.316
cvs	60.262
gamma	60.237
plastic	60.227
produce	60.163
snow	60.121
placed	60.103
truth	60.099
counter	60.099
failure	60.096
follows	60.069
weekend	60.000
dollar	59.979
camp	59.945
ontario	59.909
automatically	59.895
des	59.884
minnesota	59.863
films	59.851
bridge	59.818
native	59.784
fill	59.763
williams	59.722
movement	59.690
printing	59.648
baseball	59.627
owned	59.597
approval	59.590
draft	59.568
chart	59.558
played	59.460
contacts	59.453
jesus	59.391
readers	59.362
clubs	59.310
lcd	59.307
jackson	59.275
equal	59.226
adventure	59.183
matching	59.177
offering	59.171
shirts	59.110
profit	59.092
leaders	59.073
posters	59.051
institutions	59.047
assistant	59.034
variable	59.028
ave	59.012
advertisement	58.969
expect	58.960
parking	58.955
headlines	58.910
yesterday	58.898
compared	58.896
determined	58.833
wholesale	58.827
workshop	58.715
russia	58.684
gone	58.680
codes	58.667
kinds	58.631
extension	58.600
seattle	58.538
statements	58.520
golden	58.519
completely	58.466
teams	58.463
fort	58.420
lighting	58.329
senate	58.326
forces	58.322
funny	58.290
brother	58.277
gene	58.263
turned	58.177
portable	58.164
tried	58.154
electrical	58.111
applicable	58.106
disc	58.049
returned	58.046
pattern	58.023
hentai	58.009
boat	57.988
named	57.980
theatre	57.973
laser	57.948
earlier	57.946
manufacturers	57.936
sponsor	57.791
classical	57.739
icon	57.735
warranty	57.677
dedicated	57.669
indiana	57.636
direction	57.587
harry	57.586
basketball	57.554
objects	57.548
ends	57.469
delete	57.414
evening	57.310
assembly	57.308
nuclear	57.284
taxes	57.258
mouse	57.245
signal	57.213
criminal	57.211
issued	57.206
brain	57.153
sexual	57.123
wisconsin	57.118
powerful	57.027
dream	56.992
obtained	56.937
false	56.921
cast	56.782
flower	56.730
felt	56.658
personnel	56.583
passed	56.522
supplied	56.518
identified	56.488
falls	56.474
pic	56.469
soul	56.406
aids	56.375
opinions	56.341
promote	56.303
stated	56.282
stats	56.275
hawaii	56.239
professionals	56.231
appears	56.227
carry	56.207
flag	56.196
decided	56.163
covers	56.064
advantage	56.048
hello	56.043
designs	56.035
maintain	56.012
tourism	55.983
priority	55.970
newsletters	55.887
adults	55.851
clips	55.850
savings	55.801
graphic	55.738
atom	55.731
payments	55.698
estimated	55.654
binding	55.437
brief	55.430
ended	55.412
winning	55.381
eight	55.376
anonymous	55.368
iron	55.349
straight	55.348
script	55.345
served	55.332
wants	55.325
miscellaneous	55.265
prepared	55.264
void	55.245
dining	55.243
alert	55.214
integration	55.197
atlanta	55.159
dakota	55.154
tag	55.145
interview	55.143
mix	55.138
framework	55.128
disk	55.049
installed	55.044
queen	55.034
vhs	55.027
credits	54.992
clearly	54.986
fix	54.978
handle	54.952
sweet	54.941
desk	54.940
criteria	54.925
pubmed	54.915
dave	54.889
massachusetts	54.869
diego	54.816
hong	54.794
vice	54.785
associate	54.780
truck	54.642
behavior	54.628
enlarge	54.616
ray	54.604
frequently	54.603
revenue	54.560
measure	54.553
changing	54.541
votes	54.512
duty	54.430
looked	54.390
discussions	54.386
bear	54.379
gain	54.377
festival	54.350
laboratory	54.337
ocean	54.289
flights	54.288
experts	54.281
signs	54.239
lack	54.210
depth	54.206
iowa	54.199
whatever	54.189
logged	54.188
laptop	54.157
vintage	54.123
train	54.099
exactly	54.002
dry	53.975
explore	53.969
maryland	53.926
spa	53.925
concept	53.868
nearly	53.862
eligible	53.844
checkout	53.814
reality	53.775
forgot	53.775
handling	53.770
origin	53.735
knew	53.727
gaming	53.721
feeds	53.719
billion	53.708
destination	53.669
scotland	53.647
faster	53.630
intelligence	53.617
dallas	53.609
bought	53.562
con	53.479
ups	53.478
nations	53.475
route	53.457
followed	53.454
specifications	53.451
broken	53.389
tripadvisor	53.381
frank	53.377
alaska	53.371
zoom	53.345
blow	53.296
battle	53.296
residential	53.283
anime	53.279
speak	53.262
decisions	53.256
industries	53.248
protocol	53.215
query	53.193
clip	53.160
partnership	53.110
editorial	53.108
expression	53.016
equity	52.980
provisions	52.925
speech	52.913
wire	52.902
principles	52.796
suggestions	52.760
rural	52.708
shared	52.691
sounds	52.688
replacement	52.679
tape	52.610
strategic	52.592
judge	52.550
spam	52.508
economics	52.488
acid	52.485
bytes	52.452
cent	52.433
forced	52.429
compatible	52.390
fight	52.343
apartment	52.321
height	52.277
null	52.266
zero	52.260
speaker	52.256
filed	52.232
netherlands	52.153
obtain	52.152
consulting	52.136
recreation	52.136
offices	52.109
designer	52.101
remain	52.082
managed	52.033
failed	52.025
marriage	52.016
roll	52.013
korea	52.001
banks	52.000
participants	51.958
secret	51.931
bath	51.923
kelly	51.877
leads	51.872
negative	51.867
austin	51.821
favorites	51.802
toronto	51.797
theater	51.769
springs	51.739
missouri	51.724
andrew	51.695
var	51.663
perform	51.654
healthy	51.623
translation	51.599
estimates	51.582
font	51.567
assets	51.524
injury	51.506
joseph	51.496
ministry	51.478
drivers	51.449
lawyer	51.440
figures	51.404
married	51.354
protected	51.348
proposal	51.332
sharing	51.317
philadelphia	51.316
portal	51.302
waiting	51.300
birthday	51.298
beta	51.283
fail	51.257
gratis	51.255
banking	51.172
officials	51.127
brian	51.113
toward	51.051
won	51.006
slightly	51.001
assist	50.948
conduct	50.934
contained	50.933
lingerie	50.924
shemale	50.922
legislation	50.894
calling	50.879
parameters	50.878
jazz	50.875
serving	50.868
bags	50.858
profiles	50.855
miami	50.848
comics	50.841
matters	50.834
houses	50.834
doc	50.785
postal	50.771
relationships	50.755
tennessee	50.752
wear	50.749
controls	50.740
breaking	50.739
combined	50.738
ultimate	50.712
wales	50.706
representative	50.687
frequency	50.684
introduced	50.642
minor	50.640
finish	50.618
departments	50.616
residents	50.611
noted	50.592
displayed	50.588
mom	50.561
reduced	50.545
physics	50.542
rare	50.539
spent	50.533
performed	50.524
extreme	50.491
samples	50.482
davis	50.481
daniel	50.466
bars	50.456
reviewed	50.442
row	50.414
forecast	50.393
removed	50.347
helps	50.343
singles	50.321
administrator	50.312
cycle	50.304
amounts	50.303
contain	50.249
accuracy	50.221
dual	50.220
rise	50.219
usd	50.206
sleep	50.145
bird	50.053
pharmacy	49.976
brazil	49.973
creation	49.972
static	49.972
scene	49.943
hunter	49.936
addresses	49.936
lady	49.902
crystal	49.895
famous	49.874
writer	49.854
chairman	49.841
violence	49.836
fans	49.803
oklahoma	49.781
speakers	49.763
drink	49.743
academy	49.738
dynamic	49.737
gender	49.733
eat	49.713
permanent	49.680
agriculture	49.679
dell	49.676
cleaning	49.654
constitutes	49.579
portfolio	49.564
practical	49.546
delivered	49.531
collectibles	49.526
infrastructure	49.463
exclusive	49.427
seat	49.422
concerns	49.421
colour	49.393
vendor	49.359
originally	49.338
intel	49.302
utilities	49.251
philosophy	49.242
regulation	49.238
officers	49.233
reduction	49.232
aim	49.226
bids	49.196
referred	49.172
supports	49.163
nutrition	49.123
recording	49.097
regions	49.079
junior	49.067
toll	49.058
les	49.052
cape	49.048
ann	49.024
rings	49.017
meaning	49.005
tip	48.987
secondary	48.978
wonderful	48.963
mine	48.962
ladies	48.938
henry	48.917
ticket	48.914
announced	48.874
guess	48.873
agreed	48.829
prevention	48.768
whom	48.763
ski	48.738
soccer	48.709
math	48.683
import	48.680
posting	48.651
presence	48.635
instant	48.629
mentioned	48.572
automatic	48.546
healthcare	48.510
viewing	48.472
maintained	48.446
increasing	48.386
majority	48.385
connected	48.371
christ	48.297
dan	48.291
dogs	48.290
directors	48.271
aspects	48.251
austria	48.250
ahead	48.247
moon	48.245
participation	48.231
scheme	48.135
utility	48.121
preview	48.109
fly	48.084
manner	48.066
matrix	48.065
containing	48.041
combination	48.030
devel	47.869
amendment	47.867
despite	47.862
strength	47.861
guaranteed	47.836
turkey	47.801
libraries	47.786
proper	47.778
distributed	47.770
degrees	47.764
singapore	47.761
enterprises	47.740
delta	47.697
fear	47.681
seeking	47.648
inches	47.641
phoenix	47.640
convention	47.562
shares	47.560
principal	47.548
daughter	47.502
standing	47.501
voyeur	47.488
comfort	47.474
colors	47.458
wars	47.436
cisco	47.429
ordering	47.366
kept	47.334
alpha	47.325
appeal	47.319
cruise	47.316
bonus	47.302
certification	47.113
previously	47.097
hey	47.040
bookmark	47.040
buildings	46.968
specials	46.964
beat	46.957
disney	46.857
household	46.855
batteries	46.830
adobe	46.825
smoking	46.804
bbc	46.707
becomes	46.695
drives	46.662
arms	46.645
alabama	46.620
tea	46.600
improved	46.585
trees	46.552
avg	46.538
achieve	46.474
positions	46.456
dress	46.451
subscription	46.436
dealer	46.419
contemporary	46.392
sky	46.387
utah	46.369
nearby	46.356
rom	46.307
carried	46.287
happen	46.262
exposure	46.257
panasonic	46.203
hide	46.176
permalink	46.161
signature	46.148
gambling	46.110
refer	46.078
miller	46.067
provision	46.065
outdoors	46.012
clothes	45.972
caused	45.971
luxury	45.944
babes	45.936
frames	45.921
viagra	45.908
certainly	45.882
indeed	45.812
newspaper	45.796
toy	45.781
circuit	45.769
layer	45.759
printed	45.717
slow	45.688
removal	45.677
easier	45.666
src	45.661
liability	45.633
trademark	45.628
hip	45.613
printers	45.605
faqs	45.591
nine	45.582
adding	45.565
kentucky	45.540
mostly	45.525
eric	45.513
spot	45.485
taylor	45.461
trackback	45.456
prints	45.436
spend	45.421
factory	45.413
interior	45.412
revised	45.403
grow	45.401
americans	45.342
optical	45.340
promotion	45.316
relative	45.307
amazing	45.280
clock	45.271
dot	45.213
hiv	45.187
identity	45.184
suites	45.158
conversion	45.147
feeling	45.138
hidden	45.103
reasonable	45.103
victoria	45.086
serial	45.039
relief	45.030
revision	45.028
broadband	45.018
influence	44.992
ratio	44.987
pda	44.981
importance	44.977
rain	44.922
onto	44.908
dsl	44.902
planet	44.897
webmaster	44.859
copies	44.837
recipe	44.813
zum	44.802
permit	44.786
seeing	44.756
proof	44.727
dna	44.703
diff	44.691
tennis	44.671
bass	44.633
prescription	44.606
bedroom	44.599
empty	44.559
instance	44.556
hole	44.547
pets	44.470
ride	44.469
licensed	44.466
orlando	44.409
specifically	44.402
tim	44.398
bureau	44.396
maine	44.293
sql	44.289
represent	44.275
conservation	44.274
pair	44.271
ideal	44.270
specs	44.258
recorded	44.240
don	44.215
pieces	44.209
finished	44.200
parks	44.166
dinner	44.166
lawyers	44.140
sydney	44.115
stress	44.038
cream	44.036
runs	44.007
trends	44.004
yeah	43.968
discover	43.958
sexo	43.953
patterns	43.885
boxes	43.847
louisiana	43.834
hills	43.818
javascript	43.811
fourth	43.806
advisor	43.732
marketplace	43.716
evil	43.706
aware	43.699
wilson	43.696
shape	43.656
evolution	43.642
irish	43.627
certificates	43.589
objectives	43.580
stations	43.529
suggested	43.486
gps	43.482
remains	43.462
acc	43.451
greatest	43.439
firms	43.354
concerned	43.342
euro	43.315
operator	43.309
structures	43.299
generic	43.298
encyclopedia	43.275
usage	43.257
cap	43.250
ink	43.248
charts	43.245
continuing	43.238
mixed	43.180
census	43.163
interracial	43.154
peak	43.154
competitive	43.107
exist	43.102
wheel	43.091
transit	43.072
dick	43.065
suppliers	43.060
salt	43.053
compact	43.048
poetry	43.037
lights	43.020
tracking	43.009
angel	43.008
bell	42.991
keeping	42.985
preparation	42.965
attempt	42.936
receiving	42.922
matches	42.843
accordance	42.839
width	42.818
noise	42.800
engines	42.791
forget	42.784
array	42.763
discussed	42.757
accurate	42.754
stephen	42.745
elizabeth	42.726
climate	42.671
reservations	42.663
pin	42.645
playstation	42.632
alcohol	42.613
greek	42.609
instruction	42.603
managing	42.601
annotation	42.588
sister	42.575
raw	42.532
differences	42.509
walking	42.485
explain	42.481
smaller	42.478
newest	42.458
establish	42.449
gnu	42.434
happened	42.425
expressed	42.413
jeff	42.377
extent	42.368
sharp	42.345
lesbians	42.344
ben	42.311
lane	42.306
paragraph	42.262
kill	42.255
mathematics	42.184
aol	42.165
compensation	42.150
export	42.104
managers	42.095
aircraft	42.076
modules	42.062
sweden	42.027
conflict	42.013
conducted	42.007
versions	42.006
employer	41.966
occur	41.963
percentage	41.946
knows	41.896
mississippi	41.877
describe	41.856
concern	41.848
backup	41.834
requested	41.782
citizens	41.771
connecticut	41.762
heritage	41.758
personals	41.734
immediate	41.710
holding	41.699
trouble	41.694
spread	41.693
coach	41.683
kevin	41.678
agricultural	41.673
expand	41.629
supporting	41.626
audience	41.611
assigned	41.562
jordan	41.558
collections	41.553
ages	41.549
participate	41.540
plug	41.539
specialist	41.521
cook	41.508
affect	41.498
virgin	41.498
experienced	41.495
investigation	41.488
raised	41.484
hat	41.460
institution	41.443
directed	41.398
dealers	41.390
searching	41.353
sporting	41.352
helping	41.351
perl	41.332
affected	41.320
lib	41.303
bike	41.295
totally	41.278
plate	41.276
expenses	41.235
indicate	41.203
blonde	41.202
proceedings	41.172
favourite	41.159
transmission	41.155
anderson	41.139
utc	41.106
characteristics	41.095
der	41.068
lose	41.041
organic	41.039
seek	41.038
experiences	41.026
albums	41.013
cheats	40.989
extremely	40.981
verzeichnis	40.981
contracts	40.970
guests	40.948
hosted	40.935
diseases	40.915
concerning	40.911
developers	40.910
equivalent	40.894
chemistry	40.892
tony	40.889
neighborhood	40.888
nevada	40.882
kits	40.866
thailand	40.862
variables	40.843
agenda	40.818
anyway	40.816
continues	40.814
tracks	40.812
advisory	40.809
cam	40.800
curriculum	40.795
logic	40.791
template	40.775
prince	40.765
circle	40.744
soil	40.722
grants	40.719
anywhere	40.719
psychology	40.699
responses	40.672
atlantic	40.672
wet	40.669
circumstances	40.664
edward	40.639
investor	40.623
identification	40.603
ram	40.577
leaving	40.550
wildlife	40.548
appliances	40.548
matt	40.541
elementary	40.526
cooking	40.520
speaking	40.490
sponsors	40.468
fox	40.460
unlimited	40.459
respond	40.402
sizes	40.385
plain	40.378
exit	40.364
entered	40.344
iran	40.340
arm	40.339
keys	40.325
launch	40.323
wave	40.320
checking	40.313
costa	40.301
belgium	40.295
printable	40.279
holy	40.278
acts	40.277
guidance	40.267
mesh	40.213
trail	40.211
enforcement	40.193
symbol	40.181
crafts	40.174
highway	40.167
buddy	40.146
hardcover	40.121
observed	40.120
dean	40.100
setup	40.017
poll	39.996
booking	39.995
glossary	39.969
fiscal	39.968
celebrity	39.959
styles	39.943
denver	39.897
unix	39.892
filled	39.870
bond	39.869
channels	39.832
ericsson	39.821
appendix	39.780
notify	39.768
blues	39.766
chocolate	39.752
pub	39.741
portion	39.714
scope	39.702
hampshire	39.689
supplier	39.681
cables	39.637
cotton	39.582
bluetooth	39.564
controlled	39.559
requirement	39.546
authorities	39.537
biology	39.524
dental	39.517
killed	39.516
border	39.506
ancient	39.492
debate	39.467
representatives	39.427
starts	39.386
pregnancy	39.367
causes	39.363
arkansas	39.338
biography	39.337
leisure	39.334
attractions	39.327
learned	39.314
transactions	39.285
notebook	39.282
explorer	39.269
historic	39.246
attached	39.243
opened	39.237
husband	39.218
disabled	39.203
authorized	39.184
crazy	39.163
upcoming	39.161
britain	39.160
concert	39.148
retirement	39.139
scores	39.138
financing	39.130
efficiency	39.117
comedy	39.096
adopted	39.061
efficient	39.046
weblog	39.042
linear	39.014
commitment	39.001
specialty	38.992
bears	38.983
jean	38.981
hop	38.980
carrier	38.970
edited	38.967
constant	38.956
visa	38.944
mouth	38.904
jewish	38.895
meter	38.895
linked	38.892
portland	38.847
interviews	38.838
concepts	38.836
gun	38.825
reflect	38.817
pure	38.813
deliver	38.779
wonder	38.778
hell	38.754
lessons	38.732
fruit	38.712
begins	38.699
qualified	38.691
reform	38.685
lens	38.661
alerts	38.632
treated	38.628
discovery	38.614
draw	38.606
mysql	38.603
classified	38.593
relating	38.592
assume	38.562
confidence	38.554
alliance	38.541
confirm	38.515
warm	38.505
neither	38.496
lewis	38.496
howard	38.473
offline	38.456
leaves	38.448
engineer	38.440
lifestyle	38.440
consistent	38.428
replace	38.415
clearance	38.413
connections	38.386
inventory	38.359
converter	38.332
suck	38.289
organisation	38.270
babe	38.240
checks	38.238
reached	38.232
becoming	38.229
blowjob	38.222
safari	38.222
objective	38.211
indicated	38.209
sugar	38.173
crew	38.162
legs	38.129
sam	38.106
stick	38.086
securities	38.082
allen	38.033
pdt	38.023
relation	38.012
enabled	37.994
genre	37.992
slide	37.984
montana	37.982
volunteer	37.980
tested	37.957
rear	37.956
democratic	37.946
enhance	37.935
switzerland	37.929
exact	37.926
bound	37.923
parameter	37.919
adapter	37.902
processor	37.900
node	37.893
formal	37.874
dimensions	37.846
contribute	37.841
lock	37.839
hockey	37.836
storm	37.819
micro	37.781
colleges	37.751
laptops	37.725
mile	37.711
showed	37.697
challenges	37.686
editors	37.652
mens	37.640
threads	37.617
bowl	37.609
supreme	37.588
brothers	37.580
recognition	37.564
presents	37.564
ref	37.555
tank	37.527
submission	37.520
dolls	37.518
estimate	37.464
encourage	37.441
navy	37.438
kid	37.427
regulatory	37.426
inspection	37.406
consumers	37.395
cancel	37.382
limits	37.368
territory	37.345
transaction	37.344
manchester	37.311
weapons	37.300
paint	37.283
delay	37.256
pilot	37.254
outlet	37.222
contributions	37.201
continuous	37.191
czech	37.152
resulting	37.141
cambridge	37.128
initiative	37.116
novel	37.103
pan	37.085
execution	37.083
disability	37.071
increases	37.066
ultra	37.059
winner	37.057
idaho	37.053
contractor	37.039
episode	37.021
examination	37.018
potter	37.004
dish	36.992
plays	36.989
bulletin	36.968
indicates	36.929
modify	36.926
oxford	36.888
adam	36.887
truly	36.886
epinions	36.867
painting	36.852
committed	36.833
extensive	36.819
affordable	36.812
universe	36.802
candidate	36.787
databases	36.757
patent	36.749
slot	36.732
psp	36.712
outstanding	36.691
eating	36.668
perspective	36.648
planned	36.636
watching	36.631
lodge	36.627
messenger	36.625
mirror	36.623
tournament	36.622
consideration	36.614
discounts	36.605
sterling	36.588
sessions	36.567
kernel	36.519
boobs	36.491
stocks	36.474
buyers	36.473
journals	36.460
gray	36.429
catalogue	36.428
jennifer	36.391
antonio	36.367
charged	36.349
broad	36.336
taiwan	36.326
und	36.299
chosen	36.294
demo	36.292
greece	36.267
swiss	36.258
sarah	36.254
clark	36.227
labour	36.197
hate	36.174
terminal	36.171
publishers	36.157
nights	36.147
behalf	36.128
caribbean	36.124
liquid	36.085
rice	36.021
nebraska	36.000
loop	36.000
salary	35.972
reservation	35.963
foods	35.963
gourmet	35.960
guard	35.941
properly	35.941
orleans	35.921
saving	35.912
nfl	35.912
remaining	35.896
empire	35.896
resume	35.890
twenty	35.884
newly	35.881
raise	35.877
prepare	35.857
avatar	35.825
gary	35.823
depending	35.800
illegal	35.786
expansion	35.768
vary	35.760
hundreds	35.755
rome	35.746
arab	35.738
lincoln	35.725
helped	35.708
premier	35.690
tomorrow	35.667
purchased	35.641
milk	35.632
decide	35.623
consent	35.611
drama	35.604
visiting	35.560
performing	35.549
downtown	35.544
keyboard	35.513
contest	35.464
collected	35.449
bands	35.439
boot	35.409
suitable	35.408
absolutely	35.395
millions	35.380
lunch	35.379
dildo	35.349
audit	35.343
push	35.324
chamber	35.315
guinea	35.295
findings	35.294
muscle	35.286
featuring	35.260
iso	35.245
implement	35.237
clicking	35.230
scheduled	35.196
polls	35.187
typical	35.185
tower	35.174
yours	35.150
sum	35.150
misc	35.141
calculator	35.137
significantly	35.130
chicken	35.120
temporary	35.116
attend	35.094
shower	35.092
alan	35.078
sending	35.065
jason	35.055
tonight	35.049
dear	35.041
sufficient	35.035
holdem	35.032
shell	35.025
province	35.006
catholic	34.991
oak	34.989
vat	34.943
awareness	34.909
vancouver	34.859
governor	34.846
beer	34.834
seemed	34.810
contribution	34.803
measurement	34.794
swimming	34.782
spyware	34.763
formula	34.745
constitution	34.743
packaging	34.734
solar	34.727
jose	34.725
catch	34.688
jane	34.688
pakistan	34.642
reliable	34.605
consultation	34.593
northwest	34.580
sir	34.578
doubt	34.536
earn	34.526
finder	34.522
unable	34.509
periods	34.504
classroom	34.474
tasks	34.471
democracy	34.442
attacks	34.434
kim	34.434
wallpaper	34.421
merchandise	34.418
const	34.409
resistance	34.403
doors	34.397
symptoms	34.384
resorts	34.376
biggest	34.339
memorial	34.281
visitor	34.277
twin	34.261
forth	34.261
insert	34.246
baltimore	34.225
gateway	34.216
dont	34.129
alumni	34.126
drawing	34.121
candidates	34.115
charlotte	34.110
ordered	34.086
biological	34.080
fighting	34.069
transition	34.061
happens	34.060
preferences	34.049
spy	34.049
romance	34.041
instrument	34.012
bruce	34.006
split	34.004
themes	33.963
powers	33.962
heaven	33.955
bits	33.917
pregnant	33.914
twice	33.914
classification	33.888
focused	33.886
egypt	33.882
physician	33.881
hollywood	33.869
bargain	33.858
wikipedia	33.858
cellular	33.847
norway	33.841
vermont	33.828
asking	33.815
blocks	33.810
normally	33.809
spiritual	33.752
hunting	33.718
diabetes	33.710
suit	33.701
shift	33.686
chip	33.685
res	33.662
sit	33.662
bodies	33.652
photographs	33.643
cutting	33.633
wow	33.630
simon	33.594
writers	33.585
marks	33.578
flexible	33.546
loved	33.529
favourites	33.519
mapping	33.513
numerous	33.505
relatively	33.486
birds	33.486
satisfaction	33.470
represents	33.467
char	33.452
indexed	33.450
pittsburgh	33.419
superior	33.408
preferred	33.395
saved	33.387
paying	33.363
cartoon	33.353
shots	33.345
intellectual	33.312
moore	33.302
granted	33.286
choices	33.245
carbon	33.244
spending	33.194
comfortable	33.191
magnetic	33.185
interaction	33.182
listening	33.177
effectively	33.170
registry	33.159
crisis	33.107
outlook	33.086
massive	33.079
denmark	33.078
employed	33.071
bright	33.065
treat	33.058
header	33.054
poverty	33.039
formed	33.037
piano	33.020
echo	33.004
que	32.963
grid	32.963
sheets	32.960
patrick	32.959
experimental	32.926
puerto	32.907
revolution	32.901
consolidation	32.882
displays	32.872
plasma	32.871
allowing	32.850
earnings	32.794
voip	32.790
mystery	32.782
landscape	32.768
dependent	32.750
mechanical	32.732
journey	32.708
delaware	32.691
bidding	32.686
consultants	32.676
risks	32.656
banner	32.647
applicant	32.643
charter	32.633
fig	32.631
barbara	32.626
cooperation	32.617
counties	32.610
acquisition	32.602
ports	32.598
implemented	32.585
directories	32.565
recognized	32.549
dreams	32.542
blogger	32.539
notification	32.511
licensing	32.467
stands	32.460
teach	32.442
occurred	32.432
textbooks	32.428
rapid	32.426
pull	32.411
hairy	32.409
diversity	32.389
cleveland	32.376
reverse	32.362
deposit	32.351
seminar	32.343
investments	32.332
latina	32.329
nasa	32.323
wheels	32.318
sexcam	32.316
specify	32.310
accessibility	32.310
dutch	32.308
sensitive	32.280
templates	32.280
formats	32.278
tab	32.269
depends	32.255
boots	32.253
holds	32.244
router	32.237
concrete	32.218
editing	32.209
poland	32.209
folder	32.207
womens	32.188
css	32.153
completion	32.147
upload	32.143
pulse	32.125
universities	32.109
technique	32.018
contractors	32.018
milfhunter	31.999
voting	31.970
courts	31.952
notices	31.932
subscriptions	31.931
calculate	31.911
detroit	31.884
alexander	31.883
broadcast	31.870
converted	31.862
metro	31.862
toshiba	31.858
anniversary	31.854
improvements	31.843
strip	31.815
specification	31.809
pearl	31.808
accident	31.796
nick	31.794
accessible	31.788
accessory	31.787
resident	31.779
plot	31.768
qty	31.761
possibly	31.749
airline	31.738
typically	31.733
representation	31.711
regard	31.703
pump	31.701
exists	31.691
arrangements	31.685
smooth	31.683
conferences	31.668
uniprotkb	31.665
beastiality	31.663
strike	31.662
consumption	31.661
birmingham	31.646
flashing	31.619
narrow	31.599
afternoon	31.566
threat	31.535
surveys	31.499
sitting	31.498
putting	31.489
consultant	31.486
controller	31.479
ownership	31.472
committees	31.451
penis	31.419
legislative	31.416
researchers	31.406
vietnam	31.402
trailer	31.393
anne	31.387
castle	31.383
gardens	31.379
missed	31.373
malaysia	31.359
unsubscribe	31.356
antique	31.337
labels	31.333
willing	31.318
bio	31.302
molecular	31.301
upskirt	31.301
acting	31.299
heads	31.287
stored	31.272
exam	31.231
logos	31.228
residence	31.223
attorneys	31.217
milfs	31.216
antiques	31.198
density	31.194
hundred	31.183
ryan	31.182
operators	31.167
strange	31.155
sustainable	31.138
philippines	31.134
statistical	31.128
beds	31.118
breasts	31.103
mention	31.101
innovation	31.085
pcs	31.083
employers	31.079
grey	31.077
parallel	31.069
honda	31.050
amended	31.031
operate	31.031
bills	31.029
bold	31.021
bathroom	31.006
stable	30.990
opera	30.989
definitions	30.974
von	30.971
doctors	30.967
lesson	30.914
cinema	30.911
asset	30.910
scan	30.900
elections	30.890
drinking	30.878
blowjobs	30.869
reaction	30.867
blank	30.862
enhanced	30.848
entitled	30.845
severe	30.840
generate	30.840
stainless	30.833
newspapers	30.810
hospitals	30.800
deluxe	30.751
humor	30.751
aged	30.704
monitors	30.702
exception	30.694
lived	30.692
duration	30.689
bulk	30.656
successfully	30.650
indonesia	30.623
pursuant	30.614
sci	30.601
fabric	30.593
edt	30.586
visits	30.585
primarily	30.580
tight	30.575
domains	30.574
capabilities	30.561
pmid	30.548
contrast	30.531
recommendation	30.522
flying	30.518
recruitment	30.506
sin	30.503
berlin	30.491
cute	30.457
organized	30.440
para	30.375
siemens	30.371
adoption	30.369
improving	30.361
expensive	30.334
meant	30.322
capture	30.305
pounds	30.304
buffalo	30.280
organisations	30.269
plane	30.265
explained	30.255
seed	30.246
programmes	30.240
desire	30.237
expertise	30.234
mechanism	30.217
camping	30.215
jewellery	30.204
meets	30.198
welfare	30.190
peer	30.188
caught	30.180
eventually	30.150
marked	30.136
driven	30.136
measured	30.132
medline	30.125
bottle	30.124
agreements	30.111
considering	30.094
innovative	30.078
marshall	30.069
massage	30.069
rubber	30.069
conclusion	30.046
closing	30.023
tampa	30.018
thousand	30.018
meat	30.015
legend	30.011
grace	29.997
susan	29.992
ing	29.990
adams	29.960
python	29.944
monster	29.934
alex	29.933
bang	29.920
villa	29.905
bone	29.894
columns	29.890
disorders	29.886
bugs	29.880
collaboration	29.870
hamilton	29.863
detection	29.857
ftp	29.857
cookies	29.847
inner	29.844
formation	29.838
tutorial	29.809
med	29.808
engineers	29.798
entity	29.786
cruises	29.785
gate	29.758
holder	29.739
proposals	29.737
moderator	29.736
tutorials	29.720
settlement	29.715
portugal	29.703
lawrence	29.685
roman	29.639
duties	29.638
valuable	29.638
erotic	29.624
tone	29.581
collectables	29.557
ethics	29.556
forever	29.555
dragon	29.547
busy	29.546
captain	29.538
fantastic	29.537
imagine	29.526
brings	29.525
heating	29.523
leg	29.512
neck	29.509
wing	29.497
governments	29.496
purchasing	29.481
scripts	29.477
abc	29.450
stereo	29.448
appointed	29.441
taste	29.435
dealing	29.422
commit	29.413
tiny	29.413
operational	29.405
rail	29.405
airlines	29.404
liberal	29.404
livecam	29.401
jay	29.391
trips	29.370
gap	29.364
sides	29.363
tube	29.362
turns	29.351
corresponding	29.348
descriptions	29.343
cache	29.332
belt	29.326
jacket	29.324
determination	29.310
animation	29.279
oracle	29.270
matthew	29.232
lease	29.213
productions	29.205
aviation	29.203
hobbies	29.202
proud	29.190
excess	29.160
disaster	29.145
console	29.112
commands	29.109
telecommunications	29.089
instructor	29.074
giant	29.074
achieved	29.052
injuries	29.042
shipped	29.041
bestiality	29.028
seats	29.026
approaches	29.023
biz	29.021
alarm	29.007
voltage	29.000
anthony	29.000
nintendo	28.995
usual	28.982
loading	28.975
stamps	28.967
appeared	28.965
franklin	28.964
angle	28.933
rob	28.933
vinyl	28.922
highlights	28.906
mining	28.898
designers	28.890
melbourne	28.887
ongoing	28.877
worst	28.864
imaging	28.838
betting	28.836
scientists	28.829
liberty	28.814
wyoming	28.809
blackjack	28.801
argentina	28.797
era	28.787
convert	28.781
possibility	28.780
analyst	28.766
commissioner	28.764
dangerous	28.752
garage	28.746
exciting	28.736
reliability	28.734
thongs	28.697
gcc	28.688
unfortunately	28.674
respectively	28.641
volunteers	28.633
attachment	28.612
ringtone	28.603
finland	28.585
morgan	28.576
derived	28.573
pleasure	28.562
honor	28.544
asp	28.541
oriented	28.541
eagle	28.540
desktops	28.536
pants	28.522
columbus	28.519
nurse	28.518
prayer	28.502
appointment	28.500
workshops	28.497
hurricane	28.492
quiet	28.475
luck	28.454
postage	28.450
producer	28.447
represented	28.432
mortgages	28.421
dial	28.420
responsibilities	28.408
cheese	28.403
comic	28.388
carefully	28.354
jet	28.351
productivity	28.344
investors	28.338
crown	28.312
par	28.305
underground	28.297
diagnosis	28.291
maker	28.286
crack	28.283
principle	28.282
picks	28.273
vacations	28.266
gang	28.251
semester	28.243
calculated	28.241
cumshot	28.221
fetish	28.219
applies	28.200
casinos	28.192
appearance	28.182
smoke	28.170
apache	28.146
filters	28.126
incorporated	28.112
craft	28.103
cake	28.101
notebooks	28.090
apart	28.068
fellow	28.051
blind	28.031
lounge	28.010
mad	28.002
algorithm	27.979
semi	27.971
coins	27.970
andy	27.966
gross	27.954
strongly	27.941
cafe	27.941
valentine	27.926
hilton	27.916
ken	27.916
proteins	27.893
horror	27.890
exp	27.876
familiar	27.869
capable	27.852
douglas	27.850
debian	27.846
till	27.846
involving	27.845
pen	27.836
investing	27.836
christopher	27.816
admission	27.812
epson	27.791
shoe	27.787
elected	27.767
carrying	27.763
victory	27.763
sand	27.762
madison	27.751
terrorism	27.749
joy	27.746
editions	27.733
cpu	27.723
mainly	27.710
ethnic	27.708
ran	27.701
parliament	27.699
actor	27.686
finds	27.683
seal	27.671
situations	27.666
fifth	27.639
allocated	27.624
citizen	27.623
vertical	27.596
corrections	27.590
structural	27.590
municipal	27.560
describes	27.555
prize	27.553
occurs	27.546
jon	27.543
absolute	27.543
disabilities	27.543
consists	27.541
anytime	27.532
substance	27.523
prohibited	27.521
addressed	27.512
lies	27.512
pipe	27.508
soldiers	27.504
guardian	27.491
lecture	27.488
simulation	27.485
layout	27.476
initiatives	27.456
ill	27.450
concentration	27.435
classics	27.431
lbs	27.423
lay	27.414
interpretation	27.384
horses	27.384
lol	27.381
dirty	27.378
deck	27.360
wayne	27.358
donate	27.356
taught	27.345
bankruptcy	27.333
worker	27.329
optimization	27.321
alive	27.315
temple	27.294
substances	27.287
prove	27.285
discovered	27.284
wings	27.281
breaks	27.278
genetic	27.268
restrictions	27.263
participating	27.239
waters	27.239
promise	27.238
thin	27.218
exhibition	27.218
prefer	27.215
ridge	27.194
cabinet	27.187
modem	27.179
harris	27.167
mph	27.163
bringing	27.155
sick	27.146
dose	27.136
evaluate	27.133
tiffany	27.117
tropical	27.111
collect	27.109
bet	27.108
composition	27.105
toyota	27.099
streets	27.097
nationwide	27.091
vector	27.077
definitely	27.073
shaved	27.058
turning	27.048
buffer	27.042
purple	27.042
existence	27.041
commentary	27.041
larry	27.036
limousines	27.028
developments	27.019
def	27.015
immigration	27.000
destinations	26.997
lets	26.996
mutual	26.986
pipeline	26.983
necessarily	26.980
syntax	26.940
attribute	26.931
prison	26.928
skill	26.925
chairs	26.921
everyday	26.899
apparently	26.892
surrounding	26.865
mountains	26.850
moves	26.846
popularity	26.841
inquiry	26.837
ethernet	26.837
checked	26.801
exhibit	26.791
throw	26.783
trend	26.775
sierra	26.767
visible	26.766
cats	26.755
desert	26.751
postposted	26.734
oldest	26.725
rhode	26.725
nba	26.720
busty	26.705
coordinator	26.700
obviously	26.699
mercury	26.691
steven	26.690
handbook	26.674
greg	26.663
navigate	26.659
worse	26.657
summit	26.656
victims	26.648
epa	26.635
spaces	26.627
fundamental	26.601
burning	26.589
escape	26.579
coupons	26.572
somewhat	26.561
receiver	26.555
substantial	26.555
progressive	26.547
cialis	26.543
boats	26.526
glance	26.473
scottish	26.468
championship	26.456
arcade	26.439
richmond	26.435
sacramento	26.434
impossible	26.432
ron	26.431
russell	26.416
tells	26.414
obvious	26.412
fiber	26.407
depression	26.402
graph	26.400
covering	26.397
platinum	26.353
judgment	26.346
bedrooms	26.343
talks	26.328
filing	26.321
foster	26.318
modeling	26.312
passing	26.299
awarded	26.288
testimonials	26.283
trials	26.277
tissue	26.267
memorabilia	26.251
clinton	26.247
masters	26.243
bonds	26.238
cartridge	26.200
alberta	26.198
explanation	26.181
folk	26.178
org	26.172
commons	26.164
cincinnati	26.164
subsection	26.156
fraud	26.149
electricity	26.147
permitted	26.139
spectrum	26.136
arrival	26.135
okay	26.131
pottery	26.120
emphasis	26.118
roger	26.106
aspect	26.102
workplace	26.101
awesome	26.100
mexican	26.096
confirmed	26.075
counts	26.065
priced	26.060
wallpapers	26.032
hist	26.027
crash	26.019
lift	26.001
desired	25.987
inter	25.963
closer	25.926
assumes	25.903
heights	25.890
shadow	25.882
riding	25.864
infection	25.860
firefox	25.854
lisa	25.851
expense	25.834
grove	25.827
eligibility	25.825
venture	25.825
clinic	25.824
korean	25.818
healing	25.800
princess	25.800
mall	25.799
entering	25.789
packet	25.778
spray	25.757
studios	25.750
involvement	25.744
dad	25.736
buttons	25.727
placement	25.716
observations	25.706
vbulletin	25.687
funded	25.680
thompson	25.677
winners	25.674
extend	25.668
roads	25.664
subsequent	25.663
pat	25.654
dublin	25.651
rolling	25.651
fell	25.648
motorcycle	25.643
yard	25.633
disclosure	25.629
establishment	25.625
memories	25.611
nelson	25.608
arrived	25.602
creates	25.593
faces	25.591
tourist	25.584
cocks	25.579
mayor	25.557
murder	25.557
sean	25.551
adequate	25.546
senator	25.544
yield	25.543
presentations	25.537
grades	25.528
cartoons	25.514
pour	25.509
digest	25.499
reg	25.498
lodging	25.498
tion	25.495
dust	25.493
hence	25.492
wiki	25.490
entirely	25.489
replaced	25.484
radar	25.475
rescue	25.468
undergraduate	25.463
losses	25.459
combat	25.457
reducing	25.442
stopped	25.431
occupation	25.429
lakes	25.415
butt	25.408
donations	25.395
associations	25.391
citysearch	25.387
closely	25.381
radiation	25.374
diary	25.373
seriously	25.362
kings	25.359
shooting	25.321
kent	25.314
adds	25.306
nsw	25.304
ear	25.289
flags	25.285
pci	25.275
baker	25.271
launched	25.270
elsewhere	25.255
pollution	25.255
conservative	25.253
guestbook	25.252
shock	25.250
effectiveness	25.231
walls	25.229
abroad	25.228
ebony	25.218
tie	25.217
ward	25.213
drawn	25.211
arthur	25.208
ian	25.187
visited	25.183
roof	25.181
walker	25.179
demonstrate	25.177
atmosphere	25.170
suggests	25.169
kiss	25.149
beast	25.144
operated	25.134
experiment	25.133
targets	25.122
overseas	25.119
purchases	25.112
dodge	25.111
counsel	25.109
federation	25.105
pizza	25.103
invited	25.093
yards	25.051
assignment	25.033
chemicals	25.011
gordon	24.993
mod	24.992
farmers	24.989
queries	24.981
bmw	24.979
rush	24.968
ukraine	24.965
absence	24.964
nearest	24.957
cluster	24.949
vendors	24.943
mpeg	24.936
whereas	24.932
yoga	24.928
serves	24.921
woods	24.906
surprise	24.900
lamp	24.898
rico	24.898
partial	24.896
shoppers	24.896
phil	24.888
everybody	24.884
couples	24.877
nashville	24.877
ranking	24.866
jokes	24.864
cst	24.860
http	24.843
ceo	24.842
simpson	24.840
twiki	24.827
sublime	24.821
counseling	24.812
palace	24.812
acceptable	24.809
satisfied	24.807
glad	24.799
wins	24.798
measurements	24.776
verify	24.763
globe	24.748
trusted	24.747
copper	24.729
milwaukee	24.723
rack	24.712
medication	24.707
warehouse	24.706
shareware	24.699
rep	24.682
dicke	24.680
kerry	24.680
receipt	24.677
supposed	24.651
ordinary	24.645
nobody	24.638
ghost	24.638
violation	24.600
configure	24.589
stability	24.585
mit	24.575
applying	24.553
southwest	24.549
boss	24.547
pride	24.532
institutional	24.526
expectations	24.524
independence	24.505
knowing	24.503
reporter	24.485
metabolism	24.471
keith	24.469
champion	24.466
cloudy	24.457
linda	24.452
ross	24.442
personally	24.439
chile	24.438
anna	24.437
plenty	24.425
solo	24.417
sentence	24.416
throat	24.406
ignore	24.406
maria	24.396
uniform	24.391
excellence	24.370
wealth	24.358
tall	24.355
somewhere	24.345
vacuum	24.342
dancing	24.333
attributes	24.315
recognize	24.315
brass	24.312
writes	24.275
plaza	24.271
pdas	24.259
outcomes	24.256
survival	24.245
quest	24.244
publish	24.239
sri	24.234
screening	24.228
toe	24.227
thumbnail	24.221
trans	24.219
jonathan	24.205
whenever	24.203
nova	24.198
lifetime	24.195
api	24.189
pioneer	24.188
booty	24.177
forgotten	24.169
acrobat	24.168
plates	24.162
acres	24.160
venue	24.151
athletic	24.133
thermal	24.122
essays	24.117
behaviour	24.103
vital	24.088
telling	24.078
fairly	24.067
coastal	24.066
config	24.063
charity	24.045
intelligent	24.036
edinburgh	24.034
excel	24.031
modes	24.028
obligation	24.013
campbell	24.012
wake	24.009
stupid	24.006
harbor	24.005
hungary	23.998
traveler	23.990
urw	23.988
segment	23.978
realize	23.972
regardless	23.969
lan	23.951
enemy	23.948
puzzle	23.947
rising	23.939
aluminum	23.936
wells	23.930
wishlist	23.925
opens	23.924
insight	23.924
sms	23.918
shit	23.904
restricted	23.901
republican	23.900
secrets	23.898
lucky	23.896
latter	23.879
merchants	23.862
thick	23.856
trailers	23.855
repeat	23.847
syndrome	23.845
philips	23.844
attendance	23.843
penalty	23.836
drum	23.831
glasses	23.821
enables	23.814
nec	23.808
iraqi	23.803
builder	23.793
vista	23.789
jessica	23.780
chips	23.775
terry	23.774
flood	23.769
foto	23.768
ease	23.761
arguments	23.756
amsterdam	23.753
orgy	23.750
arena	23.748
adventures	23.747
pupils	23.722
stewart	23.722
announcement	23.722
tabs	23.721
outcome	23.705
appreciate	23.700
expanded	23.690
casual	23.690
grown	23.688
polish	23.682
lovely	23.675
extras	23.675
centres	23.653
jerry	23.648
clause	23.646
smile	23.623
lands	23.619
troops	23.599
indoor	23.587
bulgaria	23.581
armed	23.578
broker	23.576
charger	23.570
regularly	23.567
believed	23.552
pine	23.537
cooling	23.536
tend	23.534
gulf	23.515
rick	23.502
trucks	23.480
mechanisms	23.474
divorce	23.470
laura	23.467
shopper	23.461
tokyo	23.453
partly	23.448
nikon	23.447
customize	23.436
tradition	23.419
candy	23.417
pills	23.408
tiger	23.402
donald	23.399
folks	23.398
sensor	23.395
exposed	23.390
telecom	23.388
hunt	23.384
angels	23.375
deputy	23.375
indicators	23.359
sealed	23.352
thai	23.339
emissions	23.326
physicians	23.325
loaded	23.318
fred	23.300
complaint	23.300
scenes	23.280
experiments	23.278
balls	23.267
afghanistan	23.253
boost	23.252
spanking	23.249
scholarship	23.240
governance	23.233
mill	23.224
founded	23.221
supplements	23.220
chronic	23.210
icons	23.209
tranny	23.202
moral	23.198
den	23.194
catering	23.189
aud	23.186
finger	23.173
keeps	23.166
pound	23.159
locate	23.153
camcorder	23.140
trained	23.138
burn	23.129
implementing	23.104
roses	23.098
labs	23.094
ourselves	23.094
bread	23.082
tobacco	23.080
wooden	23.064
motors	23.063
tough	23.058
roberts	23.046
incident	23.045
gonna	23.026
dynamics	23.013
lie	23.011
crm	23.011
conversation	23.000
decrease	22.995
cumshots	22.992
chest	22.982
pension	22.981
billy	22.980
revenues	22.969
emerging	22.961
worship	22.959
bukkake	22.953
capability	22.939
craig	22.922
herself	22.919
producing	22.907
churches	22.898
precision	22.896
damages	22.892
reserves	22.881
contributed	22.878
solve	22.873
shorts	22.863
reproduction	22.858
minority	22.847
diverse	22.839
amp	22.821
ingredients	22.815
johnny	22.793
sole	22.787
franchise	22.778
recorder	22.774
complaints	22.764
facing	22.759
nancy	22.752
promotions	22.747
tones	22.739
passion	22.734
rehabilitation	22.734
maintaining	22.721
sight	22.717
laid	22.715
clay	22.712
defence	22.710
patches	22.706
weak	22.696
refund	22.684
usc	22.683
towns	22.678
environments	22.668
trembl	22.659
divided	22.654
blvd	22.645
reception	22.644
amd	22.636
wise	22.614
emails	22.597
cyprus	22.590
odds	22.585
correctly	22.583
insider	22.573
seminars	22.568
consequences	22.558
makers	22.554
hearts	22.550
geography	22.544
appearing	22.537
integrity	22.524
worry	22.518
discrimination	22.509
eve	22.507
carter	22.505
legacy	22.485
marc	22.474
pleased	22.471
danger	22.456
vitamin	22.452
widely	22.440
processed	22.432
phrase	22.431
genuine	22.430
raising	22.428
implications	22.424
functionality	22.423
paradise	22.422
hybrid	22.401
reads	22.400
roles	22.396
intermediate	22.380
emotional	22.378
sons	22.377
leaf	22.375
pad	22.375
glory	22.374
platforms	22.373
bigger	22.363
billing	22.362
diesel	22.356
versus	22.355
combine	22.341
overnight	22.338
geographic	22.336
exceed	22.335
rod	22.316
saudi	22.314
fault	22.296
cuba	22.293
hrs	22.292
preliminary	22.286
districts	22.285
introduce	22.282
silk	22.273
promotional	22.248
kate	22.234
chevrolet	22.230
babies	22.223
karen	22.219
compiled	22.218
romantic	22.199
revealed	22.176
specialists	22.176
generator	22.175
albert	22.173
examine	22.156
jimmy	22.155
graham	22.149
suspension	22.147
bristol	22.142
margaret	22.140
compaq	22.130
sad	22.121
correction	22.121
wolf	22.108
slowly	22.105
authentication	22.101
communicate	22.092
rugby	22.091
supplement	22.084
showtimes	22.068
cal	22.049
portions	22.042
infant	22.036
promoting	22.030
sectors	22.017
samuel	22.016
fluid	22.008
grounds	22.008
fits	22.006
kick	22.005
regards	22.002
meal	21.998
hurt	21.996
machinery	21.995
bandwidth	21.994
unlike	21.992
equation	21.991
baskets	21.991
probability	21.983
pot	21.981
dimension	21.978
wright	21.977
img	21.973
barry	21.971
proven	21.970
schedules	21.964
admissions	21.947
cached	21.914
warren	21.913
slip	21.910
studied	21.904
reviewer	21.900
involves	21.897
quarterly	21.894
rpm	21.887
profits	21.887
devil	21.882
grass	21.881
comply	21.880
marie	21.870
florist	21.867
illustrated	21.863
cherry	21.859
continental	21.857
alternate	21.844
deutsch	21.843
achievement	21.842
limitations	21.840
kenya	21.832
webcam	21.824
cuts	21.819
funeral	21.811
nutten	21.810
earrings	21.802
enjoyed	21.797
automated	21.793
chapters	21.789
pee	21.784
charlie	21.783
quebec	21.777
nipples	21.773
passenger	21.772
convenient	21.766
dennis	21.766
mars	21.752
francis	21.750
tvs	21.735
sized	21.723
manga	21.720
noticed	21.719
socket	21.714
silent	21.710
literary	21.709
egg	21.707
mhz	21.701
signals	21.697
caps	21.693
orientation	21.680
pill	21.678
theft	21.670
childhood	21.662
swing	21.653
symbols	21.650
lat	21.650
meta	21.647
humans	21.643
analog	21.640
facial	21.631
choosing	21.624
talent	21.615
dated	21.607
flexibility	21.594
seeker	21.588
wisdom	21.588
shoot	21.587
boundary	21.586
mint	21.585
packard	21.580
offset	21.577
payday	21.564
philip	21.550
elite	21.550
spin	21.546
holders	21.535
believes	21.532
swedish	21.531
poems	21.530
deadline	21.530
jurisdiction	21.522
robot	21.520
displaying	21.510
witness	21.498
collins	21.490
equipped	21.485
stages	21.480
encouraged	21.480
sur	21.479
winds	21.472
powder	21.471
broadway	21.459
acquired	21.457
assess	21.448
wash	21.446
cartridges	21.444
stones	21.444
entrance	21.441
gnome	21.441
roots	21.440
declaration	21.440
losing	21.436
attempts	21.436
gadgets	21.432
noble	21.432
glasgow	21.419
automation	21.411
impacts	21.400
rev	21.382
gospel	21.378
advantages	21.372
shore	21.370
loves	21.367
induced	21.367
knight	21.363
preparing	21.351
loose	21.350
aims	21.349
recipient	21.348
linking	21.348
extensions	21.343
appeals	21.340
earned	21.322
illness	21.321
islamic	21.321
athletics	21.313
southeast	21.290
ieee	21.289
alternatives	21.276
pending	21.270
parker	21.270
determining	21.267
lebanon	21.260
corp	21.256
personalized	21.247
kennedy	21.245
conditioning	21.239
teenage	21.235
soap	21.229
triple	21.218
cooper	21.214
nyc	21.213
vincent	21.200
jam	21.200
secured	21.191
unusual	21.186
answered	21.181
partnerships	21.175
destruction	21.175
slots	21.173
increasingly	21.156
migration	21.156
disorder	21.149
routine	21.147
toolbar	21.146
basically	21.132
rocks	21.131
conventional	21.129
titans	21.099
applicants	21.098
wearing	21.087
axis	21.084
sought	21.082
genes	21.079
mounted	21.070
habitat	21.065
firewall	21.062
median	21.058
guns	21.056
scanner	21.043
herein	21.037
occupational	21.030
animated	21.025
horny	21.023
judicial	21.023
rio	21.020
adjustment	20.988
hero	20.988
integer	20.987
treatments	20.984
bachelor	20.974
attitude	20.967
camcorders	20.961
engaged	20.957
falling	20.955
basics	20.942
montreal	20.931
carpet	20.930
struct	20.901
lenses	20.895
binary	20.892
genetics	20.889
attended	20.888
difficulty	20.884
punk	20.884
collective	20.875
coalition	20.870
dropped	20.856
enrollment	20.835
duke	20.829
walter	20.827
pace	20.825
besides	20.823
wage	20.817
producers	20.816
collector	20.801
arc	20.794
hosts	20.793
interfaces	20.785
advertisers	20.784
moments	20.781
atlas	20.780
strings	20.780
dawn	20.777
representing	20.777
observation	20.774
feels	20.765
torture	20.760
carl	20.759
deleted	20.757
coat	20.756
mitchell	20.756
mrs	20.755
rica	20.754
restoration	20.748
convenience	20.747
returning	20.739
ralph	20.728
opposition	20.715
container	20.713
defendant	20.692
warner	20.686
confirmation	20.672
app	20.670
embedded	20.669
inkjet	20.669
supervisor	20.667
wizard	20.662
corps	20.659
actors	20.659
liver	20.641
peripherals	20.638
liable	20.620
brochure	20.615
morris	20.611
bestsellers	20.611
petition	20.609
eminem	20.608
recall	20.605
antenna	20.601
picked	20.599
assumed	20.596
departure	20.593
minneapolis	20.593
belief	20.588
killing	20.585
bikini	20.583
memphis	20.579
shoulder	20.574
decor	20.572
lookup	20.567
texts	20.567
harvard	20.556
brokers	20.532
roy	20.531
ion	20.530
diameter	20.505
ottawa	20.490
doll	20.485
podcast	20.473
tit	20.466
seasons	20.464
peru	20.460
interactions	20.456
refine	20.450
bidder	20.444
singer	20.440
evans	20.440
herald	20.439
literacy	20.431
fails	20.430
aging	20.428
nike	20.420
intervention	20.415
pissing	20.413
fed	20.413
plugin	20.411
attraction	20.401
diving	20.400
invite	20.395
modification	20.395
alice	20.394
latinas	20.384
suppose	20.372
customized	20.370
reed	20.365
involve	20.363
moderate	20.362
terror	20.362
younger	20.355
thirty	20.352
mice	20.349
opposite	20.345
understood	20.340
rapidly	20.334
dealtime	20.327
ban	20.302
temp	20.299
intro	20.299
mercedes	20.295
zus	20.294
assurance	20.283
fisting	20.280
clerk	20.275
happening	20.269
vast	20.262
mills	20.252
outline	20.251
amendments	20.237
tramadol	20.232
holland	20.230
receives	20.230
jeans	20.228
metropolitan	20.227
compilation	20.225
verification	20.217
fonts	20.208
ent	20.186
odd	20.186
wrap	20.186
refers	20.181
mood	20.180
favor	20.179
veterans	20.179
quiz	20.177
sigma	20.173
attractive	20.162
xhtml	20.160
occasion	20.157
recordings	20.156
jefferson	20.151
victim	20.140
demands	20.138
sleeping	20.133
careful	20.126
ext	20.116
beam	20.111
gardening	20.104
obligations	20.099
arrive	20.085
orchestra	20.078
sunset	20.068
tracked	20.066
moreover	20.060
minimal	20.043
polyphonic	20.030
lottery	20.024
tops	20.015
framed	20.014
aside	20.010
outsourcing	20.006
licence	19.999
adjustable	19.992
allocation	19.990
michelle	19.983
essay	19.979
discipline	19.953
amy	19.953
demonstrated	19.930
dialogue	19.928
identifying	19.925
alphabetical	19.924
camps	19.914
declared	19.907
dispatched	19.897
aaron	19.892
handheld	19.890
trace	19.889
disposal	19.882
shut	19.875
florists	19.867
packs	19.865
installing	19.853
switches	19.850
romania	19.847
voluntary	19.845
ncaa	19.845
thou	19.841
consult	19.836
phd	19.835
greatly	19.833
blogging	19.826
mask	19.817
cycling	19.816
midnight	19.809
commonly	19.789
photographer	19.788
inform	19.788
turkish	19.772
coal	19.767
cry	19.766
messaging	19.764
pentium	19.749
quantum	19.743
murray	19.736
intent	19.718
zoo	19.706
largely	19.702
pleasant	19.702
announce	19.695
constructed	19.692
additions	19.689
requiring	19.686
spoke	19.686
aka	19.673
arrow	19.661
engagement	19.660
sampling	19.653
rough	19.651
weird	19.650
tee	19.622
refinance	19.617
lion	19.608
inspired	19.607
holes	19.603
weddings	19.603
blade	19.601
suddenly	19.593
oxygen	19.592
cookie	19.583
meals	19.581
canyon	19.580
goto	19.560
meters	19.559
merely	19.541
calendars	19.534
arrangement	19.531
conclusions	19.528
passes	19.527
bibliography	19.526
pointer	19.512
compatibility	19.498
stretch	19.492
durham	19.491
furthermore	19.489
permits	19.474
cooperative	19.474
muslim	19.471
neil	19.463
sleeve	19.460
netscape	19.457
cleaner	19.456
cricket	19.455
beef	19.454
feeding	19.454
stroke	19.452
township	19.445
rankings	19.440
measuring	19.438
cad	19.437
hats	19.435
robin	19.424
robinson	19.423
jacksonville	19.416
strap	19.409
headquarters	19.408
sharon	19.402
crowd	19.399
tcp	19.396
transfers	19.390
surf	19.389
olympic	19.383
transformation	19.380
remained	19.370
attachments	19.370
dir	19.353
entities	19.338
customs	19.337
administrators	19.334
personality	19.319
rainbow	19.317
hook	19.315
roulette	19.314
decline	19.302
gloves	19.294
israeli	19.284
medicare	19.281
cord	19.279
skiing	19.277
cloud	19.277
facilitate	19.266
subscriber	19.259
valve	19.257
val	19.252
hewlett	19.251
explains	19.243
proceed	19.238
flickr	19.223
feelings	19.212
knife	19.210
jamaica	19.203
priorities	19.194
shelf	19.192
bookstore	19.189
timing	19.185
liked	19.184
parenting	19.180
adopt	19.167
denied	19.160
fotos	19.153
incredible	19.149
britney	19.143
freeware	19.140
fucked	19.136
donation	19.120
outer	19.120
crop	19.120
deaths	19.116
rivers	19.110
commonwealth	19.097
pharmaceutical	19.094
manhattan	19.091
tales	19.082
katrina	19.073
workforce	19.071
islam	19.069
nodes	19.058
thumbs	19.047
seeds	19.038
cited	19.037
lite	19.037
ghz	19.025
hub	19.024
targeted	19.024
organizational	19.024
skype	19.024
realized	19.020
twelve	19.013
founder	19.011
decade	19.007
gamecube	19.004
dispute	18.984
portuguese	18.976
tired	18.973
titten	18.972
adverse	18.971
everywhere	18.964
excerpt	18.956
eng	18.949
steam	18.944
discharge	18.942
drinks	18.937
ace	18.933
voices	18.923
acute	18.923
halloween	18.914
climbing	18.903
stood	18.901
sing	18.897
tons	18.890
perfume	18.890
carol	18.890
honest	18.889
albany	18.888
hazardous	18.865
restore	18.861
stack	18.858
methodology	18.857
somebody	18.856
sue	18.850
housewares	18.843
reputation	18.843
resistant	18.840
democrats	18.840
recycling	18.838
hang	18.836
gbp	18.835
curve	18.825
creator	18.824
amber	18.815
qualifications	18.812
museums	18.805
coding	18.803
slideshow	18.798
tracker	18.796
variation	18.778
passage	18.763
transferred	18.744
trunk	18.738
hiking	18.738
damn	18.732
pierre	18.730
jelsoft	18.729
headset	18.729
photograph	18.729
oakland	18.723
colombia	18.723
waves	18.714
camel	18.712
distributor	18.707
lamps	18.705
underlying	18.704
hood	18.700
wrestling	18.697
suicide	18.697
archived	18.691
photoshop	18.688
chi	18.672
arabia	18.671
gathering	18.663
projection	18.661
juice	18.658
chase	18.656
mathematical	18.656
logical	18.653
sauce	18.650
fame	18.640
extract	18.639
specialized	18.629
diagnostic	18.628
panama	18.624
indianapolis	18.622
payable	18.617
corporations	18.611
courtesy	18.611
criticism	18.608
automobile	18.600
confidential	18.597
rfc	18.596
statutory	18.592
accommodations	18.589
athens	18.585
northeast	18.583
downloaded	18.568
judges	18.563
seo	18.561
retired	18.558
isp	18.557
remarks	18.554
detected	18.554
decades	18.552
paintings	18.545
walked	18.543
arising	18.541
nissan	18.516
bracelet	18.512
ins	18.510
eggs	18.509
juvenile	18.507
injection	18.488
yorkshire	18.486
populations	18.482
protective	18.468
afraid	18.463
acoustic	18.461
railway	18.455
cassette	18.454
initially	18.448
indicator	18.442
pointed	18.441
jpg	18.436
causing	18.434
mistake	18.434
norton	18.432
locked	18.426
eliminate	18.425
fusion	18.422
mineral	18.420
sunglasses	18.417
ruby	18.416
steering	18.409
beads	18.407
fortune	18.403
preference	18.400
canvas	18.398
threshold	18.398
parish	18.378
claimed	18.373
screens	18.363
cemetery	18.363
planner	18.362
croatia	18.361
flows	18.359
stadium	18.359
venezuela	18.358
exploration	18.357
mins	18.353
fewer	18.351
sequences	18.348
coupon	18.343
nurses	18.335
ssl	18.326
stem	18.322
proxy	18.318
gangbang	18.308
astronomy	18.307
lanka	18.305
opt	18.302
edwards	18.298
drew	18.296
contests	18.296
flu	18.295
translate	18.289
announces	18.287
mlb	18.280
costume	18.277
tagged	18.276
berkeley	18.273
voted	18.272
killer	18.271
bikes	18.263
gates	18.252
adjusted	18.250
rap	18.244
tune	18.241
bishop	18.241
pulled	18.236
corn	18.234
shaped	18.224
compression	18.214
seasonal	18.212
establishing	18.209
farmer	18.207
counters	18.204
puts	18.202
constitutional	18.193
grew	18.191
perfectly	18.191
tin	18.186
slave	18.181
instantly	18.180
cultures	18.177
norfolk	18.177
coaching	18.176
examined	18.176
trek	18.175
encoding	18.167
litigation	18.162
submissions	18.150
oem	18.142
heroes	18.141
painted	18.137
lycos	18.136
zdnet	18.128
broadcasting	18.126
horizontal	18.117
artwork	18.116
cosmetic	18.110
resulted	18.104
portrait	18.104
terrorist	18.103
informational	18.101
ethical	18.099
carriers	18.099
ecommerce	18.097
mobility	18.097
floral	18.093
builders	18.091
ties	18.087
struggle	18.087
schemes	18.081
suffering	18.078
neutral	18.078
fisher	18.077
rat	18.068
spears	18.061
prospective	18.055
dildos	18.044
bedding	18.039
ultimately	18.038
joining	18.035
heading	18.031
equally	18.029
artificial	18.029
bearing	18.028
spectacular	18.028
coordination	18.026
connector	18.024
brad	18.015
combo	18.011
seniors	18.010
worlds	18.009
guilty	18.003
affiliated	17.995
activation	17.992
naturally	17.987
haven	17.971
tablet	17.969
jury	17.967
dos	17.962
tail	17.952
subscribers	17.952
charm	17.946
lawn	17.941
violent	17.941
mitsubishi	17.939
underwear	17.933
basin	17.930
soup	17.927
potentially	17.924
ranch	17.921
constraints	17.903
crossing	17.901
inclusive	17.895
dimensional	17.891
cottage	17.889
drunk	17.886
considerable	17.885
crimes	17.880
resolved	17.874
mozilla	17.873
byte	17.870
toner	17.868
nose	17.866
latex	17.858
branches	17.848
anymore	17.844
oclc	17.841
delhi	17.839
holdings	17.838
alien	17.837
locator	17.817
selecting	17.815
processors	17.799
pantyhose	17.796
plc	17.793
broke	17.787
nepal	17.785
zimbabwe	17.784
difficulties	17.779
juan	17.764
complexity	17.763
msg	17.757
constantly	17.756
browsing	17.756
resolve	17.754
barcelona	17.740
presidential	17.736
documentary	17.733
cod	17.728
territories	17.727
melissa	17.722
moscow	17.716
thesis	17.710
thru	17.705
jews	17.701
nylon	17.701
palestinian	17.700
discs	17.692
rocky	17.691
bargains	17.689
frequent	17.684
trim	17.675
nigeria	17.671
ceiling	17.669
pixels	17.652
ensuring	17.652
hispanic	17.649
legislature	17.642
hospitality	17.638
gen	17.631
anybody	17.628
procurement	17.627
diamonds	17.626
espn	17.625
fleet	17.623
untitled	17.619
bunch	17.608
totals	17.600
marriott	17.600
singing	17.597
theoretical	17.596
afford	17.595
exercises	17.593
starring	17.586
referral	17.584
nhl	17.578
surveillance	17.569
optimal	17.567
quit	17.555
distinct	17.554
protocols	17.551
lung	17.545
highlight	17.543
substitute	17.530
inclusion	17.523
hopefully	17.522
brilliant	17.518
turner	17.518
sucking	17.516
cents	17.515
reuters	17.508
gel	17.504
todd	17.500
spoken	17.497
omega	17.495
evaluated	17.494
stayed	17.490
civic	17.486
assignments	17.483
manuals	17.476
doug	17.474
sees	17.470
termination	17.469
watched	17.456
saver	17.442
thereof	17.441
grill	17.435
households	17.430
redeem	17.422
rogers	17.422
grain	17.419
aaa	17.418
authentic	17.403
regime	17.403
wanna	17.398
wishes	17.398
bull	17.397
montgomery	17.395
architectural	17.387
louisville	17.387
depend	17.384
differ	17.384
macintosh	17.378
movements	17.374
ranging	17.365
monica	17.360
repairs	17.359
breath	17.358
amenities	17.341
virtually	17.341
cole	17.337
mart	17.333
candle	17.332
hanging	17.327
colored	17.326
authorization	17.322
tale	17.321
verified	17.317
lynn	17.315
formerly	17.314
projector	17.313
situated	17.306
comparative	17.305
std	17.304
seeks	17.299
herbal	17.298
loving	17.296
strictly	17.291
routing	17.291
docs	17.288
stanley	17.275
psychological	17.274
surprised	17.272
retailer	17.242
vitamins	17.240
elegant	17.237
gains	17.237
renewal	17.232
vid	17.229
genealogy	17.220
opposed	17.219
deemed	17.215
scoring	17.215
expenditure	17.209
panties	17.209
brooklyn	17.207
liverpool	17.205
sisters	17.201
critics	17.197
connectivity	17.197
spots	17.190
algorithms	17.183
hacker	17.183
madrid	17.179
similarly	17.176
margin	17.173
coin	17.165
bbw	17.162
solely	17.159
fake	17.154
salon	17.138
collaborative	17.112
norman	17.111
fda	17.111
excluding	17.110
turbo	17.103
headed	17.103
voters	17.102
cure	17.083
madonna	17.078
commander	17.077
arch	17.071
murphy	17.064
thinks	17.063
thats	17.061
suggestion	17.061
hdtv	17.061
soldier	17.058
phillips	17.057
asin	17.056
aimed	17.055
justin	17.054
bomb	17.051
harm	17.048
interval	17.047
mirrors	17.046
spotlight	17.041
tricks	17.041
reset	17.039
brush	17.035
investigate	17.034
thy	17.033
expansys	17.032
panels	17.032
repeated	17.029
assault	17.022
connecting	17.022
spare	17.019
logistics	17.018
deer	17.016
kodak	17.013
tongue	17.008
bowling	16.999
tri	16.995
danish	16.981
pal	16.981
monkey	16.975
proportion	16.975
filename	16.973
skirt	16.972
florence	16.971
invest	16.969
honey	16.966
analyses	16.963
drawings	16.962
significance	16.959
scenario	16.957
lovers	16.931
atomic	16.931
approx	16.926
symposium	16.926
arabic	16.925
gauge	16.922
essentials	16.917
junction	16.913
protecting	16.905
faced	16.898
mat	16.897
rachel	16.896
solving	16.894
transmitted	16.892
weekends	16.881
screenshots	16.880
produces	16.878
oven	16.878
ted	16.878
intensive	16.873
chains	16.872
kingston	16.869
sixth	16.867
engage	16.867
deviant	16.864
noon	16.863
switching	16.860
quoted	16.859
adapters	16.857
correspondence	16.854
farms	16.848
imports	16.842
supervision	16.841
cheat	16.839
bronze	16.839
expenditures	16.834
sandy	16.829
separation	16.826
testimony	16.822
suspect	16.816
celebrities	16.812
macro	16.809
sender	16.809
mandatory	16.807
boundaries	16.806
crucial	16.801
syndication	16.788
gym	16.786
celebration	16.786
kde	16.786
adjacent	16.781
filtering	16.770
tuition	16.765
spouse	16.763
exotic	16.763
viewer	16.762
signup	16.762
threats	16.748
luxembourg	16.746
puzzles	16.743
reaching	16.718
damaged	16.709
cams	16.705
receptor	16.703
piss	16.702
laugh	16.701
joel	16.688
surgical	16.683
destroy	16.683
citation	16.682
pitch	16.664
autos	16.660
premises	16.642
perry	16.639
proved	16.634
offensive	16.631
imperial	16.624
dozen	16.623
benjamin	16.621
deployment	16.620
teeth	16.611
cloth	16.602
studying	16.601
colleagues	16.599
stamp	16.596
lotus	16.594
salmon	16.591
olympus	16.584
separated	16.582
proc	16.576
cargo	16.576
tan	16.574
directive	16.571
salem	16.554
mate	16.548
starter	16.545
upgrades	16.542
likes	16.540
butter	16.539
pepper	16.536
weapon	16.535
luggage	16.533
burden	16.531
chef	16.531
tapes	16.526
zones	16.526
races	16.519
isle	16.517
stylish	16.508
slim	16.506
maple	16.501
luke	16.492
grocery	16.492
offshore	16.476
governing	16.476
retailers	16.473
depot	16.473
kenneth	16.468
comp	16.462
alt	16.461
pie	16.461
blend	16.461
harrison	16.460
julie	16.450
occasionally	16.450
cbs	16.446
attending	16.446
emission	16.445
pete	16.444
spec	16.441
finest	16.439
realty	16.438
janet	16.435
bow	16.431
penn	16.430
recruiting	16.429
apparent	16.409
instructional	16.408
phpbb	16.407
autumn	16.407
traveling	16.404
probe	16.398
midi	16.395
permissions	16.378
biotechnology	16.377
toilet	16.361
ranked	16.359
jackets	16.357
routes	16.350
packed	16.347
excited	16.342
outreach	16.327
helen	16.324
mounting	16.324
recover	16.319
tied	16.312
lopez	16.311
balanced	16.311
prescribed	16.308
catherine	16.305
timely	16.295
talked	16.294
upskirts	16.293
debug	16.291
delayed	16.289
chuck	16.280
reproduced	16.272
hon	16.271
dale	16.270
explicit	16.270
calculation	16.262
villas	16.257
ebook	16.252
consolidated	16.251
boob	16.251
exclude	16.250
peeing	16.248
occasions	16.240
brooks	16.233
equations	16.230
newton	16.222
oils	16.222
sept	16.222
exceptional	16.220
anxiety	16.219
bingo	16.219
whilst	16.217
spatial	16.217
respondents	16.212
unto	16.209
ceramic	16.207
prompt	16.206
precious	16.204
minds	16.204
annually	16.202
considerations	16.193
scanners	16.187
atm	16.172
xanax	16.171
pays	16.163
cox	16.158
fingers	16.151
sunny	16.149
ebooks	16.147
delivers	16.147
queensland	16.142
necklace	16.140
musicians	16.139
leeds	16.138
composite	16.136
unavailable	16.130
cedar	16.128
arranged	16.125
lang	16.125
theaters	16.122
advocacy	16.117
raleigh	16.116
stud	16.115
fold	16.113
essentially	16.110
designing	16.109
threaded	16.109
qualify	16.101
fingering	16.092
blair	16.091
hopes	16.090
assessments	16.089
cms	16.088
mason	16.088
diagram	16.085
burns	16.085
pumps	16.079
slut	16.079
ejaculation	16.076
footwear	16.075
vic	16.072
beijing	16.072
peoples	16.066
victor	16.066
mario	16.064
pos	16.060
attach	16.056
licenses	16.055
utils	16.052
removing	16.050
advised	16.046
brunswick	16.046
spider	16.045
phys	16.039
ranges	16.039
pairs	16.038
sensitivity	16.037
trails	16.032
preservation	16.030
hudson	16.029
isolated	16.020
calgary	16.010
interim	16.009
assisted	16.006
divine	16.006
streaming	16.005
approve	16.002
chose	16.000
compound	15.994
intensity	15.993
technological	15.991
syndicate	15.989
abortion	15.978
dialog	15.977
venues	15.965
blast	15.961
wellness	15.954
calcium	15.954
newport	15.952
antivirus	15.951
addressing	15.946
pole	15.945
discounted	15.943
indians	15.941
shield	15.940
harvest	15.930
membrane	15.929
prague	15.927
previews	15.927
bangladesh	15.925
constitute	15.912
locally	15.909
concluded	15.906
pickup	15.905
desperate	15.899
mothers	15.898
nascar	15.897
iceland	15.896
demonstration	15.894
governmental	15.892
manufactured	15.891
candles	15.890
graduation	15.890
mega	15.890
bend	15.885
sailing	15.883
variations	15.871
moms	15.868
sacred	15.867
addiction	15.866
morocco	15.865
chrome	15.863
tommy	15.860
springfield	15.854
refused	15.852
brake	15.850
exterior	15.847
greeting	15.844
ecology	15.840
oliver	15.834
congo	15.832
glen	15.828
botswana	15.823
nav	15.822
delays	15.816
synthesis	15.812
olive	15.810
undefined	15.805
unemployment	15.798
cyber	15.795
verizon	15.793
scored	15.790
enhancement	15.790
newcastle	15.787
clone	15.787
dicks	15.780
velocity	15.778
lambda	15.778
relay	15.771
composed	15.770
tears	15.769
performances	15.766
oasis	15.763
baseline	15.762
cab	15.760
angry	15.758
societies	15.745
silicon	15.741
brazilian	15.735
identical	15.727
petroleum	15.721
compete	15.721
ist	15.718
norwegian	15.709
lover	15.702
belong	15.700
honolulu	15.698
beatles	15.696
lips	15.691
escort	15.688
retention	15.687
exchanges	15.683
pond	15.683
rolls	15.678
thomson	15.675
barnes	15.671
soundtrack	15.669
wondering	15.668
malta	15.664
daddy	15.662
ferry	15.658
rabbit	15.658
profession	15.657
seating	15.656
dam	15.650
cnn	15.642
separately	15.642
physiology	15.638
lil	15.638
collecting	15.637
das	15.636
exports	15.635
omaha	15.632
tire	15.630
participant	15.627
scholarships	15.627
recreational	15.614
dominican	15.612
chad	15.604
electron	15.602
loads	15.602
friendship	15.601
heather	15.593
passport	15.593
motel	15.592
unions	15.588
treasury	15.588
warrant	15.587
sys	15.587
solaris	15.586
frozen	15.584
occupied	15.584
josh	15.582
royalty	15.580
scales	15.579
rally	15.567
observer	15.567
sunshine	15.562
strain	15.560
drag	15.559
ceremony	15.558
somehow	15.557
arrested	15.554
expanding	15.554
provincial	15.549
investigations	15.541
icq	15.538
ripe	15.534
yamaha	15.531
rely	15.528
medications	15.522
hebrew	15.518
gained	15.514
rochester	15.514
dying	15.513
laundry	15.513
stuck	15.508
solomon	15.507
placing	15.505
stops	15.505
homework	15.502
adjust	15.498
assessed	15.495
advertiser	15.493
enabling	15.487
encryption	15.483
filling	15.479
downloadable	15.474
sophisticated	15.473
imposed	15.470
silence	15.467
scsi	15.466
focuses	15.465
soviet	15.465
possession	15.453
laboratories	15.451
treaty	15.449
vocal	15.444
trainer	15.441
organ	15.435
stronger	15.433
volumes	15.433
advances	15.418
vegetables	15.418
lemon	15.417
toxic	15.414
dns	15.412
thumbnails	15.412
darkness	15.402
pty	15.401
nuts	15.394
nail	15.391
bizrate	15.391
vienna	15.390
implied	15.389
span	15.383
stanford	15.383
sox	15.381
stockings	15.378
joke	15.378
respondent	15.372
packing	15.370
statute	15.363
rejected	15.363
satisfy	15.354
destroyed	15.348
shelter	15.346
chapel	15.346
gamespot	15.340
manufacture	15.338
layers	15.334
wordpress	15.334
guided	15.330
vulnerability	15.326
accountability	15.322
celebrate	15.321
accredited	15.314
appliance	15.312
compressed	15.311
bahamas	15.307
powell	15.305
mixture	15.296
zoophilia	15.295
bench	15.290
univ	15.289
tub	15.287
rider	15.282
scheduling	15.280
radius	15.278
perspectives	15.274
mortality	15.266
logging	15.264
hampton	15.261
christians	15.259
borders	15.259
therapeutic	15.254
pads	15.254
butts	15.250
inns	15.249
bobby	15.242
impressive	15.241
sheep	15.239
accordingly	15.235
architect	15.225
railroad	15.216
lectures	15.212
challenging	15.209
wines	15.200
nursery	15.199
harder	15.197
cups	15.193
ash	15.192
microwave	15.192
cheapest	15.189
accidents	15.185
travesti	15.184
relocation	15.183
stuart	15.180
contributors	15.175
salvador	15.175
ali	15.174
salad	15.173
monroe	15.170
tender	15.169
violations	15.165
foam	15.159
temperatures	15.155
paste	15.155
clouds	15.155
competitions	15.153
discretion	15.152
tft	15.151
tanzania	15.151
preserve	15.151
jvc	15.150
poem	15.148
vibrator	15.141
unsigned	15.135
staying	15.135
cosmetics	15.135
easter	15.132
theories	15.125
repository	15.120
praise	15.120
jeremy	15.119
venice	15.117
concentrations	15.112
vibrators	15.111
estonia	15.110
christianity	15.110
veteran	15.109
streams	15.103
landing	15.103
signing	15.099
executed	15.099
katie	15.096
negotiations	15.094
realistic	15.090
cgi	15.083
showcase	15.080
integral	15.078
asks	15.074
relax	15.060
namibia	15.054
generating	15.048
christina	15.047
congressional	15.045
synopsis	15.045
hardly	15.041
prairie	15.037
reunion	15.032
composer	15.030
bean	15.030
sword	15.024
absent	15.016
photographic	15.015
sells	15.009
ecuador	15.007
hoping	15.007
accessed	15.006
spirits	14.997
modifications	14.995
coral	14.994
pixel	14.985
float	14.978
colin	14.975
bias	14.975
imported	14.974
paths	14.973
bubble	14.973
por	14.970
acquire	14.969
contrary	14.962
millennium	14.960
tribune	14.958
vessel	14.954
acids	14.953
focusing	14.942
viruses	14.940
cheaper	14.939
admitted	14.937
dairy	14.932
admit	14.930
mem	14.927
fancy	14.924
equality	14.923
samoa	14.921
achieving	14.918
tap	14.913
stickers	14.906
fisheries	14.903
exceptions	14.897
reactions	14.889
leasing	14.883
lauren	14.877
beliefs	14.874
macromedia	14.871
companion	14.870
squad	14.869
analyze	14.869
ashley	14.867
scroll	14.863
relate	14.862
divisions	14.861
swim	14.859
wages	14.856
additionally	14.856
suffer	14.850
forests	14.843
fellowship	14.842
nano	14.834
invalid	14.823
concerts	14.812
martial	14.810
males	14.806
victorian	14.802
retain	14.799
colours	14.796
execute	14.790
tunnel	14.789
genres	14.784
cambodia	14.783
patents	14.783
copyrights	14.779
chaos	14.776
lithuania	14.773
mastercard	14.772
wheat	14.768
chronicles	14.768
obtaining	14.765
beaver	14.763
updating	14.757
distribute	14.757
readings	14.757
decorative	14.750
kijiji	14.749
confused	14.748
compiler	14.737
enlargement	14.733
eagles	14.733
bases	14.730
vii	14.726
accused	14.725
bee	14.724
campaigns	14.723
unity	14.721
loud	14.714
conjunction	14.712
bride	14.709
rats	14.707
defines	14.700
airports	14.692
instances	14.685
indigenous	14.685
begun	14.685
cfr	14.683
brunette	14.682
packets	14.682
anchor	14.680
socks	14.677
validation	14.675
parade	14.673
corruption	14.671
stat	14.671
trigger	14.668
incentives	14.666
cholesterol	14.658
gathered	14.656
essex	14.653
slovenia	14.653
notified	14.653
differential	14.652
beaches	14.652
folders	14.644
dramatic	14.643
surfaces	14.640
terrible	14.640
routers	14.630
cruz	14.630
pendant	14.629
dresses	14.627
baptist	14.624
scientist	14.624
starsmerchant	14.623
hiring	14.623
clocks	14.621
arthritis	14.618
bios	14.618
females	14.615
wallace	14.608
nevertheless	14.602
reflects	14.599
taxation	14.596
fever	14.593
pmc	14.591
cuisine	14.582
surely	14.579
practitioners	14.575
transcript	14.575
myspace	14.574
theorem	14.572
inflation	14.568
thee	14.562
ruth	14.560
pray	14.559
stylus	14.558
compounds	14.558
pope	14.556
drums	14.556
contracting	14.556
topless	14.544
arnold	14.540
structured	14.537
reasonably	14.535
jeep	14.533
chicks	14.533
bare	14.531
hung	14.527
cattle	14.526
mba	14.525
radical	14.522
graduates	14.519
rover	14.516
recommends	14.515
controlling	14.514
treasure	14.511
reload	14.510
distributors	14.507
flame	14.499
levitra	14.499
tanks	14.498
assuming	14.497
monetary	14.495
elderly	14.494
pit	14.492
arlington	14.490
mono	14.488
particles	14.488
floating	14.486
extraordinary	14.476
tile	14.469
indicating	14.464
bolivia	14.464
spell	14.463
hottest	14.463
stevens	14.460
coordinate	14.458
kuwait	14.454
exclusively	14.452
emily	14.448
alleged	14.446
limitation	14.443
widescreen	14.442
compile	14.441
squirting	14.440
webster	14.436
struck	14.435
illustration	14.425
plymouth	14.417
warnings	14.414
construct	14.404
apps	14.400
inquiries	14.396
bridal	14.395
annex	14.395
mag	14.387
gsm	14.386
inspiration	14.386
tribal	14.385
curious	14.385
affecting	14.381
freight	14.373
rebate	14.371
meetup	14.366
eclipse	14.365
sudan	14.364
ddr	14.361
downloading	14.360
rec	14.353
shuttle	14.352
aggregate	14.349
stunning	14.345
cycles	14.341
affects	14.340
forecasts	14.339
detect	14.336
sluts	14.335
actively	14.334
ciao	14.332
ampland	14.332
knee	14.329
prep	14.327
complicated	14.323
chem	14.317
fastest	14.313
butler	14.311
shopzilla	14.309
injured	14.304
decorating	14.302
payroll	14.301
cookbook	14.300
expressions	14.296
ton	14.292
courier	14.291
uploaded	14.283
shakespeare	14.273
hints	14.272
collapse	14.271
americas	14.265
connectors	14.264
twinks	14.263
unlikely	14.261
gif	14.256
pros	14.248
conflicts	14.243
techno	14.242
beverage	14.241
tribute	14.239
wired	14.234
elvis	14.232
immune	14.229
latvia	14.223
travelers	14.222
forestry	14.220
barriers	14.220
cant	14.220
rarely	14.217
gpl	14.214
infected	14.212
offerings	14.211
martha	14.208
genesis	14.206
barrier	14.204
argue	14.204
incorrect	14.204
trains	14.193
metals	14.190
bicycle	14.189
furnishings	14.188
letting	14.181
arise	14.176
guatemala	14.175
celtic	14.170
thereby	14.170
irc	14.169
jamie	14.165
particle	14.162
perception	14.159
minerals	14.158
advise	14.155
humidity	14.149
bottles	14.147
boxing	14.146
bangkok	14.144
renaissance	14.143
pathology	14.138
sara	14.137
bra	14.130
ordinance	14.124
hughes	14.123
photographers	14.123
bitch	14.117
infections	14.107
jeffrey	14.105
chess	14.102
operates	14.098
brisbane	14.098
configured	14.095
survive	14.089
oscar	14.088
festivals	14.085
menus	14.085
joan	14.079
possibilities	14.078
duck	14.077
reveal	14.076
canal	14.076
amino	14.068
phi	14.068
contributing	14.067
herbs	14.065
clinics	14.062
mls	14.059
cow	14.058
manitoba	14.056
analytical	14.055
missions	14.049
watson	14.048
lying	14.046
costumes	14.043
strict	14.039
dive	14.036
saddam	14.034
circulation	14.032
drill	14.026
offense	14.026
threesome	14.025
bryan	14.024
cet	14.017
protest	14.017
handjob	14.010
assumption	14.009
jerusalem	14.008
hobby	14.006
tries	14.005
transexuales	14.002
invention	13.989
nickname	13.987
fiji	13.976
technician	13.974
inline	13.974
executives	13.969
enquiries	13.969
washing	13.965
audi	13.963
staffing	13.963
cognitive	13.963
exploring	13.960
trick	13.957
enquiry	13.956
closure	13.956
raid	13.955
ppc	13.952
timber	13.952
volt	13.951
intense	13.947
div	13.944
playlist	13.943
registrar	13.941
showers	13.940
supporters	13.939
ruling	13.937
steady	13.933
dirt	13.929
statutes	13.927
withdrawal	13.924
myers	13.924
drops	13.922
predicted	13.921
wider	13.920
saskatchewan	13.919
cancellation	13.915
plugins	13.914
enrolled	13.912
sensors	13.911
screw	13.904
ministers	13.901
publicly	13.899
hourly	13.893
blame	13.893
geneva	13.890
freebsd	13.878
veterinary	13.876
acer	13.876
prostores	13.874
reseller	13.874
dist	13.870
handed	13.858
suffered	13.855
intake	13.850
informal	13.846
relevance	13.846
incentive	13.845
butterfly	13.843
tucson	13.842
mechanics	13.839
heavily	13.835
swingers	13.830
fifty	13.829
headers	13.828
mistakes	13.828
numerical	13.828
ons	13.823
geek	13.822
uncle	13.820
defining	13.817
xnxx	13.815
counting	13.811
reflection	13.809
sink	13.808
accompanied	13.806
assure	13.804
invitation	13.800
devoted	13.799
princeton	13.797
jacob	13.796
sodium	13.793
randy	13.790
spirituality	13.790
hormone	13.787
meanwhile	13.782
proprietary	13.780
timothy	13.778
childrens	13.773
brick	13.763
grip	13.763
naval	13.758
thumbzilla	13.754
medieval	13.751
porcelain	13.749
avi	13.746
bridges	13.745
pichunter	13.743
captured	13.741
watt	13.736
thehun	13.733
decent	13.731
casting	13.725
dayton	13.720
translated	13.719
shortly	13.719
cameron	13.712
columnists	13.712
pins	13.709
carlos	13.709
reno	13.704
donna	13.702
andreas	13.702
warrior	13.701
diploma	13.692
cabin	13.691
innocent	13.690
bdsm	13.688
scanning	13.687
ide	13.683
consensus	13.679
polo	13.678
valium	13.677
copying	13.676
rpg	13.675
delivering	13.675
cordless	13.675
patricia	13.674
horn	13.674
eddie	13.668
uganda	13.664
fired	13.657
journalism	13.652
prot	13.649
trivia	13.642
adidas	13.639
perth	13.638
frog	13.636
grammar	13.635
intention	13.634
syria	13.626
disagree	13.620
klein	13.618
harvey	13.615
tires	13.615
logs	13.609
undertaken	13.607
tgp	13.606
hazard	13.604
retro	13.603
leo	13.602
livesex	13.600
statewide	13.598
semiconductor	13.594
gregory	13.593
episodes	13.590
boolean	13.589
circular	13.588
anger	13.587
diy	13.586
mainland	13.582
illustrations	13.581
suits	13.580
chances	13.570
interact	13.567
snap	13.565
happiness	13.563
arg	13.562
substantially	13.557
bizarre	13.543
glenn	13.541
auckland	13.536
olympics	13.531
fruits	13.530
identifier	13.528
geo	13.522
worldsex	13.518
ribbon	13.517
calculations	13.517
doe	13.512
jpeg	13.511
conducting	13.511
startup	13.510
suzuki	13.507
trinidad	13.503
ati	13.500
kissing	13.500
wal	13.496
handy	13.495
swap	13.494
exempt	13.492
crops	13.486
reduces	13.485
accomplished	13.481
calculators	13.480
geometry	13.478
impression	13.477
abs	13.475
slovakia	13.474
flip	13.473
guild	13.473
correlation	13.472
gorgeous	13.469
capitol	13.462
sim	13.462
dishes	13.462
rna	13.461
barbados	13.457
chrysler	13.449
nervous	13.447
refuse	13.444
extends	13.442
fragrance	13.441
mcdonald	13.441
replica	13.440
plumbing	13.438
brussels	13.424
tribe	13.417
neighbors	13.417
trades	13.414
superb	13.409
buzz	13.408
transparent	13.408
nuke	13.404
rid	13.394
trinity	13.394
charleston	13.390
handled	13.384
legends	13.381
boom	13.380
calm	13.377
champions	13.376
floors	13.371
selections	13.370
projectors	13.363
inappropriate	13.356
exhaust	13.353
comparing	13.352
shanghai	13.349
speaks	13.347
burton	13.346
vocational	13.343
davidson	13.342
copied	13.342
scotia	13.341
farming	13.338
gibson	13.337
pharmacies	13.331
fork	13.330
troy	13.330
roller	13.323
introducing	13.323
batch	13.322
organize	13.319
appreciated	13.316
alter	13.316
nicole	13.310
latino	13.309
ghana	13.308
edges	13.307
mixing	13.305
handles	13.303
skilled	13.301
fitted	13.299
albuquerque	13.298
harmony	13.297
distinguished	13.296
asthma	13.295
projected	13.293
assumptions	13.291
shareholders	13.291
twins	13.288
developmental	13.284
rip	13.283
zope	13.282
regulated	13.281
triangle	13.277
amend	13.274
anticipated	13.271
oriental	13.265
reward	13.257
windsor	13.256
zambia	13.251
completing	13.249
gmbh	13.249
buf	13.246
hydrogen	13.233
webshots	13.232
sprint	13.224
comparable	13.214
chick	13.214
advocate	13.207
sims	13.206
confusion	13.184
copyrighted	13.183
tray	13.181
inputs	13.179
warranties	13.178
genome	13.178
escorts	13.176
documented	13.174
thong	13.174
medal	13.172
paperbacks	13.170
coaches	13.169
vessels	13.168
harbour	13.168
walks	13.167
sucks	13.166
sol	13.165
keyboards	13.165
sage	13.160
knives	13.155
eco	13.155
vulnerable	13.145
arrange	13.140
artistic	13.136
bat	13.135
honors	13.134
booth	13.132
indie	13.130
reflected	13.129
unified	13.124
bones	13.122
breed	13.121
detector	13.120
ignored	13.119
polar	13.119
fallen	13.117
precise	13.115
sussex	13.115
respiratory	13.114
notifications	13.113
msgid	13.111
transexual	13.110
mainstream	13.105
invoice	13.102
evaluating	13.098
lip	13.088
subcommittee	13.084
sap	13.084
gather	13.080
suse	13.077
maternity	13.075
backed	13.072
alfred	13.065
colonial	13.061
carey	13.058
motels	13.044
forming	13.043
embassy	13.041
cave	13.040
journalists	13.035
danny	13.033
rebecca	13.033
slight	13.032
proceeds	13.029
indirect	13.025
amongst	13.021
wool	13.019
foundations	13.018
msgstr	13.017
arrest	13.014
volleyball	13.012
adipex	13.008
horizon	13.006
deeply	12.992
toolbox	12.990
ict	12.983
marina	12.983
liabilities	12.980
prizes	12.978
bosnia	12.975
browsers	12.971
decreased	12.971
patio	12.969
tolerance	12.968
surfing	12.968
creativity	12.966
lloyd	12.964
describing	12.957
optics	12.951
pursue	12.949
lightning	12.949
overcome	12.949
eyed	12.946
quotations	12.944
grab	12.940
inspector	12.940
attract	12.938
brighton	12.938
beans	12.935
bookmarks	12.935
ellis	12.934
disable	12.934
snake	12.933
succeed	12.932
leonard	12.927
lending	12.923
oops	12.918
reminder	12.914
nipple	12.914
searched	12.903
behavioral	12.898
riverside	12.897
bathrooms	12.897
plains	12.896
sku	12.894
raymond	12.890
insights	12.888
abilities	12.886
initiated	12.885
sullivan	12.880
midwest	12.875
karaoke	12.869
trap	12.869
lonely	12.868
fool	12.867
nonprofit	12.860
lancaster	12.854
suspended	12.852
hereby	12.849
observe	12.849
julia	12.848
containers	12.844
attitudes	12.843
karl	12.843
berry	12.841
collar	12.840
simultaneously	12.838
racial	12.837
integrate	12.833
bermuda	12.829
amanda	12.823
sociology	12.822
mobiles	12.822
screenshot	12.818
exhibitions	12.817
kelkoo	12.817
confident	12.816
retrieved	12.810
exhibits	12.810
officially	12.810
consortium	12.808
dies	12.807
terrace	12.806
bacteria	12.805
pts	12.803
replied	12.801
seafood	12.795
novels	12.795
rrp	12.793
recipients	12.793
playboy	12.793
ought	12.792
delicious	12.789
traditions	12.788
jail	12.780
safely	12.779
finite	12.777
kidney	12.777
periodically	12.776
fixes	12.775
sends	12.774
durable	12.771
mazda	12.768
allied	12.767
throws	12.764
moisture	12.762
hungarian	12.761
roster	12.759
referring	12.747
symantec	12.746
spencer	12.745
wichita	12.743
nasdaq	12.740
uruguay	12.738
ooo	12.738
transform	12.734
timer	12.733
tablets	12.728
tuning	12.719
gotten	12.719
educators	12.712
tyler	12.710
futures	12.706
vegetable	12.702
verse	12.701
highs	12.699
humanities	12.693
independently	12.691
wanting	12.691
custody	12.683
scratch	12.680
launches	12.677
ipaq	12.675
alignment	12.675
masturbating	12.674
henderson	12.674
britannica	12.672
comm	12.671
ellen	12.669
competitors	12.666
nhs	12.662
rocket	12.662
aye	12.654
bullet	12.652
towers	12.647
racks	12.644
lace	12.644
nasty	12.642
visibility	12.641
latitude	12.638
consciousness	12.637
ste	12.635
tumor	12.634
ugly	12.634
deposits	12.634
beverly	12.632
mistress	12.628
encounter	12.628
trustees	12.627
watts	12.623
duncan	12.622
reprints	12.615
hart	12.611
bernard	12.610
resolutions	12.609
ment	12.608
accessing	12.608
forty	12.608
tubes	12.605
attempted	12.603
col	12.586
midlands	12.586
priest	12.585
floyd	12.585
ronald	12.584
analysts	12.583
queue	12.580
trance	12.569
locale	12.568
nicholas	12.567
biol	12.566
bundle	12.553
hammer	12.552
invasion	12.551
witnesses	12.550
runner	12.550
rows	12.548
administered	12.547
notion	12.547
skins	12.532
mailed	12.531
fujitsu	12.529
spelling	12.528
arctic	12.525
exams	12.523
rewards	12.519
beneath	12.519
strengthen	12.518
defend	12.518
frederick	12.516
medicaid	12.509
treo	12.504
infrared	12.503
seventh	12.500
gods	12.496
une	12.494
welsh	12.492
belly	12.491
aggressive	12.490
tex	12.484
advertisements	12.484
quarters	12.484
stolen	12.483
cia	12.478
sublimedirectory	12.476
soonest	12.473
haiti	12.468
disturbed	12.467
determines	12.466
sculpture	12.460
poly	12.457
ears	12.453
dod	12.451
fist	12.445
naturals	12.444
neo	12.440
motivation	12.439
lenders	12.438
pharmacology	12.435
fitting	12.435
fixtures	12.435
bloggers	12.434
mere	12.433
agrees	12.432
passengers	12.429
quantities	12.427
petersburg	12.424
consistently	12.420
powerpoint	12.418
cons	12.412
surplus	12.412
elder	12.411
sonic	12.411
obituaries	12.403
cheers	12.401
dig	12.400
taxi	12.400
punishment	12.399
appreciation	12.397
subsequently	12.396
belarus	12.389
nat	12.388
zoning	12.388
gravity	12.387
providence	12.386
thumb	12.386
restriction	12.382
incorporate	12.379
backgrounds	12.379
treasurer	12.377
guitars	12.376
essence	12.371
flooring	12.370
lightweight	12.370
ethiopia	12.368
mighty	12.359
athletes	12.359
humanity	12.357
transcription	12.354
holmes	12.348
complications	12.347
scholars	12.345
dpi	12.345
scripting	12.344
gis	12.344
remembered	12.343
galaxy	12.338
chester	12.337
snapshot	12.335
caring	12.334
loc	12.333
worn	12.332
synthetic	12.332
shaw	12.328
segments	12.327
testament	12.321
expo	12.321
dominant	12.319
twist	12.312
specifics	12.310
itunes	12.310
stomach	12.300
partially	12.296
buried	12.291
newbie	12.285
minimize	12.283
darwin	12.281
ranks	12.281
wilderness	12.280
debut	12.277
generations	12.276
tournaments	12.271
bradley	12.267
deny	12.261
anatomy	12.260
bali	12.258
judy	12.257
sponsorship	12.255
headphones	12.249
fraction	12.245
trio	12.245
proceeding	12.244
cube	12.244
defects	12.238
volkswagen	12.232
uncertainty	12.231
breakdown	12.231
milton	12.230
marker	12.230
reconstruction	12.229
subsidiary	12.229
strengths	12.228
clarity	12.226
rugs	12.225
sandra	12.222
adelaide	12.221
encouraging	12.220
furnished	12.219
monaco	12.217
settled	12.214
folding	12.213
emirates	12.212
terrorists	12.207
airfare	12.207
comparisons	12.203
beneficial	12.198
distributions	12.196
vaccine	12.196
belize	12.193
crap	12.190
fate	12.180
viewpicture	12.180
promised	12.179
volvo	12.179
penny	12.178
robust	12.178
bookings	12.176
threatened	12.175
minolta	12.174
republicans	12.172
discusses	12.170
gui	12.169
porter	12.164
gras	12.161
jungle	12.160
ver	12.159
responded	12.156
rim	12.155
abstracts	12.154
zen	12.152
ivory	12.152
alpine	12.147
dis	12.143
prediction	12.143
pharmaceuticals	12.140
andale	12.134
fabulous	12.133
remix	12.128
alias	12.127
thesaurus	12.124
individually	12.122
battlefield	12.114
literally	12.112
newer	12.111
kay	12.110
ecological	12.107
spice	12.107
oval	12.105
implies	12.104
soma	12.100
ser	12.096
cooler	12.096
appraisal	12.095
consisting	12.093
maritime	12.090
periodic	12.088
submitting	12.088
overhead	12.088
ascii	12.087
prospect	12.080
shipment	12.075
breeding	12.072
citations	12.070
geographical	12.067
donor	12.067
mozambique	12.066
tension	12.065
href	12.064
benz	12.064
trash	12.060
shapes	12.059
wifi	12.059
tier	12.054
fwd	12.049
earl	12.047
manor	12.046
envelope	12.042
diane	12.041
homeland	12.035
disclaimers	12.029
championships	12.026
excluded	12.024
andrea	12.019
breeds	12.019
rapids	12.019
disco	12.017
sheffield	12.013
bailey	12.011
aus	12.010
endif	12.010
finishing	12.007
emotions	12.006
wellington	12.004
incoming	12.002
prospects	12.002
lexmark	12.000
cleaners	12.000
bulgarian	11.999
hwy	11.992
eternal	11.990
cashiers	11.989
guam	11.985
cite	11.980
aboriginal	11.975
remarkable	11.974
rotation	11.973
nam	11.966
preventing	11.965
productive	11.964
boulevard	11.964
eugene	11.963
gdp	11.953
pig	11.951
metric	11.950
compliant	11.946
minus	11.945
penalties	11.943
bennett	11.939
imagination	11.935
hotmail	11.934
refurbished	11.933
joshua	11.933
armenia	11.927
varied	11.926
grande	11.923
closest	11.921
activated	11.920
actress	11.919
mess	11.917
conferencing	11.916
assign	11.915
armstrong	11.914
politicians	11.911
trackbacks	11.910
lit	11.907
accommodate	11.907
tigers	11.904
aurora	11.903
una	11.902
slides	11.902
milan	11.901
premiere	11.900
lender	11.900
villages	11.897
shade	11.897
chorus	11.892
christine	11.892
rhythm	11.892
digit	11.887
argued	11.885
dietary	11.883
symphony	11.883
clarke	11.881
sudden	11.872
accepting	11.871
precipitation	11.869
marilyn	11.869
lions	11.869
findlaw	11.866
ada	11.865
pools	11.864
lyric	11.852
claire	11.844
isolation	11.842
speeds	11.833
sustained	11.833
matched	11.829
approximate	11.822
rope	11.814
carroll	11.812
rational	11.810
programmer	11.810
fighters	11.806
chambers	11.806
dump	11.804
greetings	11.801
inherited	11.797
warming	11.795
incomplete	11.793
vocals	11.792
chronicle	11.789
fountain	11.787
chubby	11.784
grave	11.782
legitimate	11.781
biographies	11.779
burner	11.775
yrs	11.774
foo	11.771
investigator	11.771
gba	11.769
plaintiff	11.768
finnish	11.760
gentle	11.756
prisoners	11.753
deeper	11.749
muslims	11.749
hose	11.748
mediterranean	11.746
nightlife	11.746
footage	11.745
howto	11.745
worthy	11.744
reveals	11.741
architects	11.741
saints	11.740
entrepreneur	11.737
carries	11.737
sig	11.735
freelance	11.733
duo	11.730
excessive	11.729
devon	11.725
screensaver	11.725
helena	11.721
saves	11.720
regarded	11.720
valuation	11.719
unexpected	11.717
cigarette	11.716
fog	11.715
characteristic	11.714
marion	11.714
lobby	11.711
egyptian	11.709
tunisia	11.705
metallica	11.699
outlined	11.698
consequently	11.695
headline	11.694
treating	11.693
punch	11.686
appointments	11.686
str	11.684
gotta	11.682
cowboy	11.679
narrative	11.673
bahrain	11.671
enormous	11.671
karma	11.668
consist	11.667
betty	11.661
queens	11.661
academics	11.661
pubs	11.658
quantitative	11.658
shemales	11.658
lucas	11.657
screensavers	11.655
subdivision	11.653
tribes	11.652
vip	11.650
defeat	11.650
clicks	11.648
distinction	11.643
honduras	11.642
naughty	11.640
hazards	11.638
insured	11.638
harper	11.636
livestock	11.636
mardi	11.634
exemption	11.634
tenant	11.633
sustainability	11.632
cabinets	11.630
tattoo	11.630
shake	11.629
algebra	11.626
shadows	11.622
holly	11.620
formatting	11.620
silly	11.619
nutritional	11.618
yea	11.616
mercy	11.615
hartford	11.609
freely	11.608
marcus	11.606
sunrise	11.606
wrapping	11.606
mild	11.605
fur	11.604
nicaragua	11.601
weblogs	11.598
timeline	11.595
tar	11.589
belongs	11.582
readily	11.564
affiliation	11.563
soc	11.556
fence	11.556
nudist	11.556
infinite	11.554
diana	11.554
ensures	11.552
relatives	11.547
lindsay	11.543
clan	11.543
legally	11.540
shame	11.537
satisfactory	11.537
revolutionary	11.536
bracelets	11.535
sync	11.534
civilian	11.532
telephony	11.531
mesa	11.530
fatal	11.528
remedy	11.527
realtors	11.527
breathing	11.525
briefly	11.524
thickness	11.523
adjustments	11.519
graphical	11.516
genius	11.512
discussing	11.511
aerospace	11.511
fighter	11.511
meaningful	11.509
flesh	11.509
retreat	11.508
adapted	11.507
barely	11.501
wherever	11.500
estates	11.499
rug	11.492
democrat	11.491
borough	11.490
maintains	11.490
failing	11.490
shortcuts	11.486
retained	11.482
voyeurweb	11.480
pamela	11.480
andrews	11.474
marble	11.469
extending	11.468
jesse	11.468
specifies	11.467
hull	11.467
logitech	11.466
surrey	11.466
briefing	11.456
belkin	11.454
dem	11.454
accreditation	11.448
wav	11.447
blackberry	11.446
highland	11.445
meditation	11.442
modular	11.442
microphone	11.440
macedonia	11.438
combining	11.434
brandon	11.434
instrumental	11.434
giants	11.433
organizing	11.432
shed	11.427
balloon	11.426
moderators	11.417
winston	11.413
memo	11.410
ham	11.410
solved	11.409
tide	11.402
kazakhstan	11.402
hawaiian	11.394
standings	11.394
partition	11.393
invisible	11.392
gratuit	11.392
consoles	11.392
funk	11.387
fbi	11.387
qatar	11.385
magnet	11.383
translations	11.382
porsche	11.378
cayman	11.378
jaguar	11.372
reel	11.370
sheer	11.366
commodity	11.366
posing	11.363
wang	11.362
kilometers	11.354
bind	11.353
thanksgiving	11.352
rand	11.352
hopkins	11.349
urgent	11.348
guarantees	11.348
infants	11.347
gothic	11.346
cylinder	11.345
witch	11.344
buck	11.340
indication	11.338
congratulations	11.336
tba	11.336
cohen	11.334
sie	11.333
usgs	11.331
puppy	11.328
kathy	11.327
acre	11.325
graphs	11.324
surround	11.324
cigarettes	11.321
revenge	11.316
expires	11.315
enemies	11.315
lows	11.314
controllers	11.312
aqua	11.309
chen	11.309
emma	11.307
consultancy	11.304
finances	11.304
accepts	11.303
enjoying	11.302
conventions	11.302
eva	11.301
patrol	11.299
smell	11.295
pest	11.287
italiano	11.283
coordinates	11.282
rca	11.281
carnival	11.280
roughly	11.278
sticker	11.277
promises	11.277
responding	11.272
reef	11.268
physically	11.267
divide	11.265
stakeholders	11.264
hydrocodone	11.261
gst	11.259
consecutive	11.258
cornell	11.257
satin	11.257
bon	11.256
deserve	11.255
attempting	11.253
mailto	11.252
promo	11.251
representations	11.248
chan	11.244
worried	11.240
tunes	11.239
garbage	11.238
competing	11.237
combines	11.233
mas	11.226
beth	11.217
bradford	11.217
len	11.216
phrases	11.216
kai	11.212
peninsula	11.209
chelsea	11.209
boring	11.207
reynolds	11.206
dom	11.205
jill	11.204
accurately	11.201
speeches	11.200
reaches	11.196
schema	11.195
considers	11.194
sofa	11.190
catalogs	11.190
ministries	11.185
vacancies	11.179
quizzes	11.179
parliamentary	11.175
obj	11.175
prefix	11.173
lucia	11.173
savannah	11.170
barrel	11.168
typing	11.168
nerve	11.167
dans	11.165
planets	11.164
deficit	11.162
boulder	11.158
pointing	11.158
renew	11.156
coupled	11.154
viii	11.151
myanmar	11.149
metadata	11.149
harold	11.144
circuits	11.143
floppy	11.141
texture	11.140
handbags	11.138
jar	11.136
somerset	11.134
incurred	11.132
acknowledge	11.131
thoroughly	11.129
antigua	11.125
nottingham	11.125
thunder	11.125
tent	11.124
caution	11.124
identifies	11.120
questionnaire	11.120
qualification	11.116
locks	11.115
modelling	11.113
namely	11.111
miniature	11.110
dept	11.110
hack	11.110
dare	11.110
euros	11.109
interstate	11.106
pirates	11.106
aerial	11.105
hawk	11.102
consequence	11.101
rebel	11.099
systematic	11.099
perceived	11.098
origins	11.097
hired	11.097
makeup	11.095
textile	11.094
lamb	11.094
madagascar	11.093
nathan	11.093
tobago	11.089
presenting	11.089
cos	11.086
troubleshooting	11.085
uzbekistan	11.082
indexes	11.080
pac	11.079
erp	11.071
centuries	11.070
magnitude	11.064
richardson	11.063
hindu	11.062
fragrances	11.054
vocabulary	11.053
licking	11.052
earthquake	11.050
vpn	11.050
fundraising	11.048
fcc	11.044
markers	11.042
weights	11.041
albania	11.038
geological	11.034
assessing	11.032
lasting	11.030
wicked	11.029
eds	11.029
introduces	11.026
kills	11.025
roommate	11.025
webcams	11.025
pushed	11.023
webmasters	11.022
computational	11.010
acdbentity	11.010
participated	11.009
junk	11.008
handhelds	11.007
wax	11.006
lucy	11.006
answering	11.006
hans	11.003
impressed	11.001
slope	11.001
reggae	10.998
failures	10.997
poet	10.995
conspiracy	10.993
surname	10.992
theology	10.991
nails	10.991
evident	10.989
whats	10.988
rides	10.986
rehab	10.985
epic	10.980
saturn	10.978
organizer	10.977
nut	10.977
allergy	10.974
sake	10.971
twisted	10.970
combinations	10.970
preceding	10.969
merit	10.969
enzyme	10.969
cumulative	10.967
zshops	10.963
planes	10.961
edmonton	10.960
tackle	10.959
disks	10.959
condo	10.958
pokemon	10.958
amplifier	10.958
ambien	10.954
arbitrary	10.954
prominent	10.953
retrieve	10.952
lexington	10.952
vernon	10.950
sans	10.949
worldcat	10.945
titanium	10.945
irs	10.944
fairy	10.942
builds	10.937
contacted	10.936
shaft	10.935
lean	10.935
bye	10.928
cdt	10.928
recorders	10.924
occasional	10.924
leslie	10.923
casio	10.922
deutsche	10.920
ana	10.920
postings	10.912
innovations	10.910
kitty	10.907
postcards	10.905
dude	10.904
drain	10.902
monte	10.901
fires	10.894
algeria	10.894
blessed	10.891
luis	10.891
reviewing	10.888
cardiff	10.888
cornwall	10.886
favors	10.881
potato	10.878
panic	10.876
explicitly	10.872
sticks	10.872
leone	10.870
transsexual	10.869
citizenship	10.867
excuse	10.866
reforms	10.864
basement	10.858
onion	10.856
strand	10.853
sandwich	10.852
lawsuit	10.850
alto	10.848
informative	10.847
girlfriend	10.846
bloomberg	10.846
cheque	10.843
hierarchy	10.842
influenced	10.842
banners	10.842
reject	10.840
eau	10.838
abandoned	10.834
circles	10.831
italic	10.828
beats	10.827
merry	10.826
mil	10.826
scuba	10.825
gore	10.817
complement	10.815
cult	10.812
dash	10.811
passive	10.810
mauritius	10.810
valued	10.808
cage	10.807
checklist	10.805
bangbus	10.803
requesting	10.802
courage	10.801
verde	10.801
lauderdale	10.800
scenarios	10.797
gazette	10.797
hitachi	10.797
divx	10.796
extraction	10.796
batman	10.795
elevation	10.788
hearings	10.784
coleman	10.784
hugh	10.779
lap	10.777
utilization	10.776
beverages	10.775
calibration	10.775
jake	10.773
eval	10.771
efficiently	10.771
anaheim	10.771
ping	10.769
textbook	10.767
dried	10.766
entertaining	10.763
prerequisite	10.763
luther	10.761
frontier	10.758
settle	10.757
stopping	10.756
refugees	10.755
knights	10.753
hypothesis	10.753
palmer	10.752
medicines	10.749
flux	10.749
derby	10.745
sao	10.744
peaceful	10.743
altered	10.739
pontiac	10.737
regression	10.736
doctrine	10.733
scenic	10.733
trainers	10.733
muze	10.731
enhancements	10.724
renewable	10.722
intersection	10.720
passwords	10.716
sewing	10.715
consistency	10.714
collectors	10.713
conclude	10.713
recognised	10.708
munich	10.708
oman	10.707
celebs	10.702
gmc	10.701
propose	10.699
azerbaijan	10.694
lighter	10.691
rage	10.689
adsl	10.689
prix	10.680
astrology	10.677
advisors	10.677
pavilion	10.675
tactics	10.673
trusts	10.670
occurring	10.667
supplemental	10.664
travelling	10.664
talented	10.659
annie	10.657
pillow	10.657
induction	10.656
derek	10.655
precisely	10.653
shorter	10.653
harley	10.652
spreading	10.652
provinces	10.651
relying	10.649
finals	10.645
paraguay	10.640
steal	10.640
parcel	10.639
refined	10.639
fifteen	10.631
widespread	10.627
incidence	10.626
fears	10.617
predict	10.615
boutique	10.614
acrylic	10.613
rolled	10.612
tuner	10.607
avon	10.605
incidents	10.594
peterson	10.587
rays	10.586
asn	10.586
shannon	10.585
toddler	10.581
enhancing	10.580
flavor	10.580
alike	10.577
walt	10.575
homeless	10.574
horrible	10.573
hungry	10.572
metallic	10.570
acne	10.568
blocked	10.567
interference	10.559
warriors	10.557
palestine	10.556
listprice	10.550
libs	10.546
undo	10.545
cadillac	10.543
atmospheric	10.542
malawi	10.541
sagem	10.535
knowledgestorm	10.534
dana	10.534
halo	10.532
ppm	10.531
curtis	10.529
parental	10.527
referenced	10.524
strikes	10.519
lesser	10.519
publicity	10.518
marathon	10.516
ant	10.513
proposition	10.511
gays	10.509
pressing	10.508
gasoline	10.507
apt	10.505
dressed	10.505
scout	10.501
belfast	10.501
exec	10.501
dealt	10.499
niagara	10.497
inf	10.493
eos	10.490
warcraft	10.488
charms	10.488
catalyst	10.486
trader	10.484
bucks	10.483
allowance	10.480
vcr	10.475
denial	10.470
uri	10.469
designation	10.469
thrown	10.462
prepaid	10.460
raises	10.458
gem	10.453
duplicate	10.452
electro	10.451
criterion	10.450
badge	10.449
wrist	10.446
civilization	10.445
analyzed	10.439
vietnamese	10.439
heath	10.439
tremendous	10.435
ballot	10.434
lexus	10.431
varying	10.429
remedies	10.428
validity	10.428
trustee	10.428
maui	10.426
handjobs	10.420
weighted	10.419
angola	10.418
squirt	10.418
performs	10.416
plastics	10.414
realm	10.411
corrected	10.409
jenny	10.403
helmet	10.401
salaries	10.401
postcard	10.401
elephant	10.401
yemen	10.392
encountered	10.387
tsunami	10.386
scholar	10.383
nickel	10.381
internationally	10.375
surrounded	10.374
psi	10.374
buses	10.374
expedia	10.373
geology	10.372
pct	10.371
creatures	10.370
coating	10.370
commented	10.369
wallet	10.368
cleared	10.368
smilies	10.361
vids	10.359
accomplish	10.358
boating	10.357
drainage	10.357
shakira	10.351
corners	10.351
broader	10.349
vegetarian	10.346
rouge	10.346
yeast	10.345
yale	10.343
newfoundland	10.342
qld	10.337
pas	10.334
clearing	10.334
investigated	10.333
ambassador	10.323
coated	10.323
intend	10.320
stephanie	10.319
contacting	10.317
vegetation	10.316
doom	10.315
findarticles	10.315
louise	10.314
kenny	10.313
specially	10.313
owen	10.310
routines	10.309
hitting	10.307
yukon	10.306
beings	10.303
bite	10.301
issn	10.300
aquatic	10.298
reliance	10.298
habits	10.294
striking	10.293
myth	10.292
infectious	10.289
podcasts	10.287
singh	10.287
gig	10.285
gilbert	10.285
sas	10.284
ferrari	10.284
continuity	10.279
brook	10.278
outputs	10.275
phenomenon	10.273
ensemble	10.272
insulin	10.269
assured	10.268
biblical	10.268
weed	10.266
conscious	10.265
accent	10.264
mysimon	10.260
eleven	10.259
wives	10.255
ambient	10.255
utilize	10.255
mileage	10.252
oecd	10.251
prostate	10.248
adaptor	10.248
auburn	10.246
unlock	10.246
hyundai	10.245
pledge	10.244
vampire	10.243
angela	10.243
relates	10.242
nitrogen	10.240
xerox	10.240
dice	10.239
merger	10.238
softball	10.237
referrals	10.237
quad	10.232
dock	10.232
differently	10.232
firewire	10.232
mods	10.231
nextel	10.230
framing	10.229
organised	10.222
musician	10.221
blocking	10.217
rwanda	10.214
sorts	10.212
integrating	10.212
vsnet	10.211
limiting	10.210
dispatch	10.209
revisions	10.209
papua	10.206
restored	10.206
hint	10.205
armor	10.205
riders	10.204
chargers	10.202
remark	10.202
dozens	10.201
varies	10.201
msie	10.197
reasoning	10.197
liz	10.187
rendered	10.186
picking	10.186
charitable	10.184
guards	10.184
annotated	10.182
ccd	10.182
convinced	10.181
openings	10.181
buys	10.180
burlington	10.176
replacing	10.175
researcher	10.172
watershed	10.172
councils	10.171
occupations	10.170
acknowledged	10.168
nudity	10.165
kruger	10.161
pockets	10.160
granny	10.160
pork	10.157
equilibrium	10.153
viral	10.150
inquire	10.148
pipes	10.144
characterized	10.144
laden	10.142
aruba	10.141
cottages	10.141
realtor	10.137
merge	10.137
privilege	10.134
edgar	10.132
develops	10.132
qualifying	10.131
chassis	10.125
dubai	10.121
estimation	10.121
barn	10.121
pushing	10.121
llp	10.120
fleece	10.117
pediatric	10.117
boc	10.116
fare	10.116
asus	10.113
pierce	10.112
allan	10.109
dressing	10.108
techrepublic	10.108
sperm	10.108
bald	10.107
filme	10.107
craps	10.107
fuji	10.106
frost	10.101
leon	10.099
institutes	10.097
mold	10.095
dame	10.093
sally	10.088
yacht	10.088
tracy	10.086
prefers	10.086
drilling	10.085
brochures	10.085
herb	10.084
tmp	10.082
alot	10.082
ate	10.082
breach	10.081
whale	10.080
traveller	10.080
appropriations	10.077
suspected	10.076
tomatoes	10.074
benchmark	10.074
beginners	10.074
instructors	10.074
highlighted	10.073
bedford	10.073
stationery	10.072
idle	10.069
mustang	10.067
unauthorized	10.064
clusters	10.063
antibody	10.062
competent	10.062
momentum	10.060
fin	10.060
wiring	10.059
pastor	10.058
mud	10.057
calvin	10.051
uni	10.048
shark	10.039
contributor	10.037
demonstrates	10.036
phases	10.035
grateful	10.034
emerald	10.033
gradually	10.033
laughing	10.032
grows	10.031
cliff	10.030
desirable	10.030
tract	10.027
ballet	10.026
journalist	10.024
abraham	10.023
bumper	10.012
afterwards	10.011
webpage	10.011
religions	10.008
garlic	10.006
hostels	10.003
shine	10.001
senegal	10.000
explosion	9.993
banned	9.987
wendy	9.986
briefs	9.985
signatures	9.984
diffs	9.982
cove	9.979
mumbai	9.974
ozone	9.973
disciplines	9.970
casa	9.969
daughters	9.964
conversations	9.963
radios	9.962
tariff	9.961
nvidia	9.960
opponent	9.959
pasta	9.956
simplified	9.956
muscles	9.956
serum	9.955
wrapped	9.952
swift	9.947
motherboard	9.944
runtime	9.940
inbox	9.939
focal	9.938
bibliographic	9.937
vagina	9.937
eden	9.935
distant	9.935
incl	9.935
champagne	9.934
ala	9.933
decimal	9.933
deviation	9.931
superintendent	9.930
propecia	9.930
dip	9.930
nbc	9.927
samba	9.927
hostel	9.925
housewives	9.924
employ	9.924
mongolia	9.923
penguin	9.922
magical	9.921
influences	9.921
inspections	9.918
irrigation	9.914
miracle	9.912
manually	9.910
reprint	9.908
reid	9.908
hydraulic	9.906
centered	9.902
robertson	9.901
flex	9.899
yearly	9.899
penetration	9.899
wound	9.896
belle	9.896
rosa	9.895
conviction	9.894
hash	9.891
omissions	9.890
writings	9.889
hamburg	9.888
lazy	9.885
mpg	9.881
retrieval	9.878
qualities	9.878
cindy	9.878
lolita	9.878
fathers	9.876
carb	9.873
charging	9.872
cas	9.870
marvel	9.867
lined	9.866
cio	9.860
dow	9.860
prototype	9.858
importantly	9.858
petite	9.856
apparatus	9.854
upc	9.853
terrain	9.851
dui	9.851
pens	9.851
explaining	9.850
yen	9.850
strips	9.848
gossip	9.844
rangers	9.837
nomination	9.835
empirical	9.835
rotary	9.832
worm	9.831
dependence	9.829
discrete	9.828
beginner	9.828
boxed	9.825
lid	9.822
sexuality	9.820
polyester	9.820
cubic	9.818
deaf	9.818
commitments	9.817
suggesting	9.816
sapphire	9.815
kinase	9.815
skirts	9.813
mats	9.811
remainder	9.807
crawford	9.804
labeled	9.803
privileges	9.803
televisions	9.800
specializing	9.800
marking	9.800
commodities	9.796
pvc	9.795
serbia	9.793
sheriff	9.792
griffin	9.791
declined	9.791
guyana	9.791
spies	9.789
blah	9.787
mime	9.787
neighbor	9.782
motorcycles	9.776
elect	9.775
highways	9.769
thinkpad	9.769
concentrate	9.768
intimate	9.767
reproductive	9.766
preston	9.764
deadly	9.760
cunt	9.756
feof	9.752
bunny	9.743
chevy	9.743
molecules	9.742
rounds	9.740
longest	9.739
refrigerator	9.738
tions	9.737
intervals	9.737
sentences	9.732
dentists	9.730
usda	9.729
exclusion	9.729
workstation	9.726
holocaust	9.726
keen	9.725
flyer	9.723
peas	9.723
dosage	9.723
receivers	9.723
urls	9.723
customise	9.721
disposition	9.721
variance	9.715
navigator	9.713
investigators	9.713
cameroon	9.712
baking	9.712
marijuana	9.711
adaptive	9.711
computed	9.707
needle	9.705
baths	9.705
enb	9.705
cathedral	9.704
brakes	9.703
nirvana	9.697
fairfield	9.696
owns	9.696
til	9.692
invision	9.691
sticky	9.690
destiny	9.690
generous	9.689
madness	9.689
emacs	9.688
climb	9.688
blowing	9.683
fascinating	9.683
landscapes	9.683
heated	9.682
lafayette	9.681
jackie	9.680
wto	9.679
computation	9.676
hay	9.672
cardiovascular	9.672
sparc	9.669
cardiac	9.666
salvation	9.666
dover	9.664
adrian	9.663
predictions	9.661
accompanying	9.660
vatican	9.655
brutal	9.651
learners	9.650
selective	9.649
arbitration	9.648
configuring	9.647
token	9.645
editorials	9.644
zinc	9.643
sacrifice	9.642
seekers	9.639
guru	9.638
isa	9.634
removable	9.632
convergence	9.630
yields	9.629
gibraltar	9.629
levy	9.629
suited	9.629
numeric	9.629
anthropology	9.626
skating	9.625
kinda	9.625
aberdeen	9.625
emperor	9.625
grad	9.622
malpractice	9.619
dylan	9.618
bras	9.617
belts	9.610
blacks	9.608
educated	9.605
rebates	9.604
reporters	9.604
burke	9.600
proudly	9.600
pix	9.599
necessity	9.599
rendering	9.598
mic	9.596
inserted	9.594
pulling	9.591
basename	9.590
kyle	9.590
obesity	9.590
curves	9.587
suburban	9.585
touring	9.582
clara	9.579
vertex	9.579
hepatitis	9.577
nationally	9.574
tomato	9.573
andorra	9.572
waterproof	9.570
expired	9.567
travels	9.565
flush	9.565
waiver	9.565
pale	9.560
specialties	9.560
hayes	9.559
humanitarian	9.558
invitations	9.558
functioning	9.555
delight	9.555
survivor	9.554
garcia	9.553
cingular	9.551
economies	9.550
alexandria	9.550
bacterial	9.549
moses	9.549
counted	9.548
undertake	9.545
declare	9.542
continuously	9.539
johns	9.539
valves	9.537
gaps	9.537
impaired	9.535
achievements	9.534
donors	9.534
tear	9.531
jewel	9.528
teddy	9.525
convertible	9.523
ata	9.521
teaches	9.521
ventures	9.519
nil	9.519
bufing	9.515
stranger	9.514
tragedy	9.513
julian	9.512
nest	9.511
pam	9.509
dryer	9.508
painful	9.508
velvet	9.507
tribunal	9.505
ruled	9.505
nato	9.503
pensions	9.501
prayers	9.500
funky	9.500
secretariat	9.497
nowhere	9.492
cop	9.491
paragraphs	9.487
gale	9.485
joins	9.485
adolescent	9.484
nominations	9.483
wesley	9.483
dim	9.480
lately	9.478
cancelled	9.476
scary	9.474
mattress	9.472
mpegs	9.470
brunei	9.468
likewise	9.468
banana	9.467
introductory	9.467
slovak	9.464
cakes	9.463
stan	9.459
reservoir	9.457
occurrence	9.456
idol	9.455
bloody	9.453
mixer	9.451
remind	9.451
worcester	9.445
sbjct	9.445
demographic	9.442
charming	9.442
mai	9.440
tooth	9.439
disciplinary	9.436
annoying	9.434
respected	9.434
stays	9.433
disclose	9.432
affair	9.430
drove	9.430
washer	9.429
upset	9.427
restrict	9.427
springer	9.427
beside	9.425
mines	9.424
portraits	9.422
rebound	9.420
logan	9.419
mentor	9.416
interpreted	9.413
evaluations	9.412
fought	9.412
baghdad	9.409
elimination	9.409
metres	9.409
hypothetical	9.408
immigrants	9.404
complimentary	9.404
helicopter	9.401
pencil	9.399
freeze	9.397
performer	9.395
abu	9.393
titled	9.392
commissions	9.391
sphere	9.390
powerseller	9.388
moss	9.382
ratios	9.382
concord	9.379
graduated	9.379
endorsed	9.378
surprising	9.370
walnut	9.369
lance	9.368
ladder	9.367
italia	9.365
unnecessary	9.364
dramatically	9.364
liberia	9.364
sherman	9.357
cork	9.356
maximize	9.352
hansen	9.350
senators	9.348
workout	9.347
mali	9.346
yugoslavia	9.346
bleeding	9.345
characterization	9.344
colon	9.342
likelihood	9.340
lanes	9.334
purse	9.333
fundamentals	9.333
contamination	9.333
mtv	9.328
endangered	9.328
compromise	9.327
masturbation	9.326
optimize	9.324
stating	9.323
dome	9.323
caroline	9.322
leu	9.319
expiration	9.317
namespace	9.315
align	9.315
peripheral	9.314
bless	9.313
engaging	9.313
negotiation	9.313
crest	9.313
opponents	9.309
triumph	9.307
nominated	9.307
confidentiality	9.307
electoral	9.305
changelog	9.304
welding	9.304
orgasm	9.301
deferred	9.301
alternatively	9.301
heel	9.299
alloy	9.299
condos	9.295
plots	9.295
polished	9.294
yang	9.294
gently	9.293
greensboro	9.292
tulsa	9.290
locking	9.289
casey	9.289
controversial	9.285
draws	9.281
fridge	9.281
blanket	9.280
bloom	9.279
simpsons	9.272
lou	9.270
elliott	9.266
recovered	9.265
fraser	9.265
justify	9.264
upgrading	9.263
blades	9.261
pgp	9.257
loops	9.249
surge	9.244
frontpage	9.242
trauma	9.241
tahoe	9.239
advert	9.235
possess	9.235
demanding	9.235
defensive	9.234
sip	9.233
flashers	9.227
subaru	9.227
forbidden	9.223
vanilla	9.219
programmers	9.219
monitored	9.214
installations	9.211
deutschland	9.211
picnic	9.211
souls	9.211
arrivals	9.210
spank	9.209
practitioner	9.202
motivated	9.201
dumb	9.199
smithsonian	9.198
hollow	9.197
vault	9.196
securely	9.196
examining	9.195
fioricet	9.195
groove	9.194
revelation	9.193
pursuit	9.189
delegation	9.185
wires	9.185
dictionaries	9.180
mails	9.177
backing	9.177
greenhouse	9.176
sleeps	9.175
blake	9.171
transparency	9.170
dee	9.170
travis	9.169
endless	9.169
figured	9.165
orbit	9.163
currencies	9.163
niger	9.162
bacon	9.157
survivors	9.153
positioning	9.153
heater	9.149
colony	9.145
cannon	9.144
circus	9.143
promoted	9.143
forbes	9.141
mae	9.140
moldova	9.138
mel	9.135
descending	9.135
paxil	9.134
spine	9.131
trout	9.129
enclosed	9.129
feat	9.128
temporarily	9.128
ntsc	9.127
cooked	9.127
thriller	9.122
transmit	9.121
apnic	9.120
fatty	9.120
gerald	9.120
pressed	9.118
frequencies	9.118
scanned	9.114
reflections	9.113
hunger	9.110
mariah	9.109
sic	9.109
municipality	9.105
usps	9.105
joyce	9.103
detective	9.103
surgeon	9.097
cement	9.096
experiencing	9.092
fireplace	9.089
endorsement	9.085
planners	9.083
disputes	9.081
textiles	9.081
missile	9.079
intranet	9.072
closes	9.070
seq	9.069
psychiatry	9.068
persistent	9.067
deborah	9.066
conf	9.066
marco	9.065
assists	9.065
summaries	9.064
glow	9.063
gabriel	9.062
auditor	9.060
wma	9.059
aquarium	9.059
violin	9.059
prophet	9.057
cir	9.053
bracket	9.048
looksmart	9.048
isaac	9.048
oxide	9.048
oaks	9.046
magnificent	9.045
erik	9.044
colleague	9.041
naples	9.039
promptly	9.038
modems	9.038
adaptation	9.036
harmful	9.035
paintball	9.032
prozac	9.030
sexually	9.029
enclosure	9.028
acm	9.024
dividend	9.021
newark	9.017
paso	9.015
glucose	9.015
phantom	9.014
norm	9.011
playback	9.011
supervisors	9.010
westminster	9.010
turtle	9.008
ips	9.006
distances	9.006
absorption	9.003
treasures	9.001
dsc	9.001
warned	9.000
neural	8.999
ware	8.999
fossil	8.998
mia	8.998
hometown	8.996
badly	8.995
transcripts	8.992
apollo	8.989
wan	8.987
disappointed	8.985
persian	8.979
continually	8.976
communist	8.975
collectible	8.974
handmade	8.972
greene	8.970
entrepreneurs	8.970
robots	8.968
grenada	8.968
creations	8.967
jade	8.965
scoop	8.965
acquisitions	8.961
foul	8.958
keno	8.958
gtk	8.956
earning	8.955
mailman	8.955
sanyo	8.953
nested	8.953
biodiversity	8.953
excitement	8.949
somalia	8.947
movers	8.946
verbal	8.943
blink	8.940
presently	8.935
seas	8.935
carlo	8.932
workflow	8.932
mysterious	8.931
novelty	8.931
bryant	8.931
tiles	8.929
voyuer	8.927
librarian	8.927
subsidiaries	8.927
switched	8.919
stockholm	8.919
tamil	8.919
garmin	8.914
pose	8.914
fuzzy	8.913
indonesian	8.913
grams	8.911
therapist	8.907
richards	8.906
mrna	8.906
budgets	8.905
toolkit	8.898
promising	8.898
relaxation	8.896
goat	8.896
render	8.895
carmen	8.894
ira	8.894
sen	8.893
thereafter	8.893
hardwood	8.890
erotica	8.890
temporal	8.889
sail	8.889
forge	8.887
commissioners	8.886
dense	8.885
dts	8.880
brave	8.878
forwarding	8.877
awful	8.871
nightmare	8.871
airplane	8.870
reductions	8.870
southampton	8.870
istanbul	8.869
impose	8.866
organisms	8.863
sega	8.862
telescope	8.862
viewers	8.860
asbestos	8.857
portsmouth	8.856
cdna	8.856
meyer	8.854
enters	8.854
pod	8.853
savage	8.852
advancement	8.851
harassment	8.849
willow	8.848
resumes	8.845
bolt	8.845
gage	8.845
throwing	8.843
existed	8.842
whore	8.841
generators	8.839
wagon	8.839
barbie	8.839
dat	8.838
favour	8.836
soa	8.835
knock	8.835
urge	8.835
smtp	8.832
generates	8.831
potatoes	8.829
thorough	8.827
replication	8.826
inexpensive	8.826
kurt	8.825
receptors	8.824
peers	8.823
roland	8.822
optimum	8.822
neon	8.821
interventions	8.821
quilt	8.820
huntington	8.818
creature	8.812
ours	8.812
mounts	8.811
syracuse	8.811
internship	8.810
lone	8.809
refresh	8.808
aluminium	8.806
snowboard	8.806
beastality	8.804
webcast	8.804
michel	8.803
evanescence	8.802
subtle	8.800
coordinated	8.799
notre	8.798
shipments	8.796
maldives	8.796
stripes	8.795
firmware	8.795
antarctica	8.792
cope	8.789
shepherd	8.787
canberra	8.786
cradle	8.785
chancellor	8.783
mambo	8.782
lime	8.781
kirk	8.781
flour	8.778
controversy	8.776
legendary	8.771
bool	8.771
sympathy	8.769
choir	8.767
avoiding	8.767
beautifully	8.766
blond	8.765
expects	8.765
cho	8.765
jumping	8.764
fabrics	8.761
antibodies	8.761
polymer	8.760
hygiene	8.759
wit	8.755
poultry	8.753
virtue	8.753
burst	8.753
examinations	8.750
surgeons	8.750
bouquet	8.746
immunology	8.746
promotes	8.744
mandate	8.744
wiley	8.742
departmental	8.742
bbs	8.742
spas	8.742
ind	8.736
corpus	8.735
johnston	8.733
terminology	8.730
gentleman	8.730
fibre	8.730
reproduce	8.730
convicted	8.729
shades	8.729
jets	8.726
indices	8.726
roommates	8.725
adware	8.724
qui	8.720
intl	8.720
threatening	8.718
spokesman	8.717
zoloft	8.716
activists	8.716
frankfurt	8.715
prisoner	8.714
daisy	8.713
halifax	8.711
encourages	8.710
ultram	8.709
cursor	8.709
assembled	8.707
earliest	8.707
donated	8.706
stuffed	8.706
restructuring	8.706
insects	8.705
terminals	8.704
crude	8.704
morrison	8.704
maiden	8.703
simulations	8.703
sufficiently	8.699
examines	8.699
viking	8.697
myrtle	8.697
bored	8.697
cleanup	8.695
yarn	8.695
knit	8.694
conditional	8.693
mug	8.692
crossword	8.692
bother	8.692
budapest	8.690
conceptual	8.690
knitting	8.684
attacked	8.683
bhutan	8.679
liechtenstein	8.678
mating	8.675
compute	8.674
redhead	8.673
arrives	8.672
translator	8.671
automobiles	8.670
tractor	8.668
allah	8.666
continent	8.664
unwrap	8.662
fares	8.661
longitude	8.658
resist	8.656
challenged	8.650
telecharger	8.649
hoped	8.649
pike	8.647
safer	8.646
insertion	8.646
instrumentation	8.644
ids	8.642
hugo	8.641
wagner	8.639
constraint	8.639
groundwater	8.638
touched	8.638
strengthening	8.636
cologne	8.635
gzip	8.635
wishing	8.634
ranger	8.632
smallest	8.629
insulation	8.629
newman	8.628
marsh	8.626
ricky	8.624
ctrl	8.624
scared	8.623
theta	8.622
infringement	8.621
bent	8.621
laos	8.621
subjective	8.618
monsters	8.614
asylum	8.613
lightbox	8.610
robbie	8.610
stake	8.607
cocktail	8.606
outlets	8.606
swaziland	8.600
varieties	8.599
arbor	8.599
mediawiki	8.598
configurations	8.597
poison	8.597
ethnicity	8.596
dominated	8.596
costly	8.595
derivatives	8.589
prevents	8.589
stitch	8.586
lesotho	8.584
rifle	8.582
severity	8.582
rfid	8.579
notable	8.578
warfare	8.577
retailing	8.576
judiciary	8.576
embroidery	8.574
mama	8.574
inland	8.574
oscommerce	8.571
nonfiction	8.569
homeowners	8.566
racism	8.562
greenland	8.562
interpret	8.561
accord	8.560
vaio	8.559
modest	8.559
gamers	8.558
slr	8.557
licensee	8.557
countryside	8.557
sorting	8.557
liaison	8.557
bisexual	8.553
rel	8.552
unused	8.551
bulbs	8.550
ign	8.545
consuming	8.541
installer	8.541
tourists	8.541
sandals	8.539
powershot	8.536
bestselling	8.535
insure	8.533
packaged	8.533
behaviors	8.532
clarify	8.530
seconded	8.528
activate	8.526
waist	8.525
attributed	8.524
seychelles	8.524
fatigue	8.520
owl	8.520
patriot	8.520
sewer	8.517
crystals	8.516
kathleen	8.515
bosch	8.515
forthcoming	8.514
sandisk	8.513
num	8.511
treats	8.511
marino	8.510
detention	8.507
carson	8.505
vitro	8.502
exceeds	8.501
complementary	8.499
cosponsors	8.499
gallon	8.498
coil	8.497
battles	8.497
hyatt	8.495
traders	8.495
carlton	8.494
bitter	8.494
memorandum	8.492
burned	8.491
cardinal	8.490
dragons	8.489
converting	8.488
romeo	8.485
din	8.485
burundi	8.483
incredibly	8.480
delegates	8.479
turks	8.478
roma	8.476
demos	8.476
balancing	8.475
btw	8.473
att	8.473
vet	8.472
sided	8.472
claiming	8.471
psychiatric	8.470
tittens	8.470
teenagers	8.466
courtyard	8.466
presidents	8.466
offenders	8.462
depart	8.459
grading	8.458
cuban	8.458
tenants	8.457
expressly	8.457
distinctive	8.455
lily	8.454
brackets	8.452
unofficial	8.452
oversight	8.451
valentines	8.451
vonage	8.450
privately	8.449
wetlands	8.449
minded	8.448
resin	8.445
allies	8.442
twilight	8.442
preserved	8.439
crossed	8.438
kensington	8.437
monterey	8.436
linen	8.434
rita	8.434
quicktime	8.432
ascending	8.430
seals	8.430
nominal	8.430
alicia	8.429
decay	8.428
weaknesses	8.427
underwater	8.424
quartz	8.423
registers	8.417
eighth	8.415
pbs	8.415
usher	8.414
herbert	8.411
authorised	8.408
improves	8.405
advocates	8.401
phenomena	8.393
buffet	8.390
deciding	8.388
skate	8.386
vanuatu	8.381
joey	8.375
erotik	8.374
hackers	8.371
tilt	8.371
supportive	8.370
granite	8.368
repeatedly	8.367
lynch	8.367
masses	8.365
transformed	8.363
athlete	8.363
targeting	8.361
franc	8.360
bead	8.360
enforce	8.360
preschool	8.359
similarity	8.359
landlord	8.358
leak	8.356
timor	8.356
assorted	8.353
implements	8.352
adviser	8.351
flats	8.351
compelling	8.351
vouchers	8.350
megapixel	8.349
booklet	8.348
expecting	8.346
cancun	8.346
heels	8.344
voter	8.341
reimbursement	8.339
turnover	8.338
urine	8.338
cheryl	8.338
radeon	8.336
capri	8.336
towel	8.334
ginger	8.333
italicized	8.333
suburbs	8.331
imagery	8.329
chromosome	8.329
optimized	8.329
sears	8.327
als	8.324
ffl	8.323
flies	8.323
upgraded	8.321
competence	8.321
colorful	8.320
inadequate	8.318
crying	8.318
matthews	8.316
amateurs	8.315
crane	8.313
defendants	8.312
deployed	8.310
governed	8.310
considerably	8.310
investigating	8.306
rotten	8.304
popup	8.302
garnet	8.299
habit	8.299
bulb	8.297
scattered	8.297
honour	8.296
useless	8.292
protects	8.291
northwestern	8.290
audiences	8.289
iris	8.288
coupe	8.288
hal	8.288
benin	8.288
ppp	8.287
bach	8.286
manages	8.284
erosion	8.284
oceania	8.283
abundance	8.282
carpenter	8.282
khan	8.281
insufficient	8.280
highlands	8.277
peters	8.276
fertility	8.276
formulation	8.273
clever	8.272
primer	8.271
che	8.269
lords	8.267
tends	8.267
fresno	8.266
enjoyable	8.264
handbag	8.262
crescent	8.259
bypass	8.258
freshman	8.257
ies	8.256
playground	8.252
negotiate	8.252
logout	8.251
sixty	8.249
exploit	8.249
orgies	8.246
boyfriend	8.245
permanently	8.245
concentrated	8.244
distinguish	8.240
hogtied	8.235
projections	8.234
spark	8.234
illustrate	8.233
lin	8.232
clipart	8.229
patience	8.229
securing	8.228
pathway	8.226
detectors	8.224
newsgroups	8.220
shallow	8.220
stir	8.219
spike	8.218
plated	8.218
jacques	8.217
drawer	8.214
ingredient	8.214
togo	8.211
spectra	8.211
lifting	8.210
judith	8.210
curtain	8.209
disclosed	8.208
davies	8.208
tactical	8.207
pilots	8.206
mailbox	8.205
copenhagen	8.205
expedition	8.204
pile	8.203
operative	8.201
humour	8.199
athlon	8.196
maturity	8.195
caller	8.193
distortion	8.192
prosecution	8.191
het	8.189
landscaping	8.184
tonga	8.184
mol	8.184
imprint	8.183
korn	8.180
natalie	8.178
receipts	8.175
assisting	8.175
shirley	8.175
sanctions	8.171
directv	8.170
goodbye	8.168
viable	8.167
emerged	8.166
deviantart	8.164
defect	8.164
poorly	8.161
goddess	8.157
backs	8.157
observers	8.155
magnets	8.154
formulas	8.152
spacious	8.151
shoulders	8.150
nas	8.149
argues	8.149
wade	8.148
soils	8.144
chapman	8.140
organs	8.139
det	8.139
loyalty	8.136
beloved	8.130
sometime	8.130
ballard	8.125
beating	8.124
faithful	8.124
hunks	8.122
appellant	8.122
libya	8.120
offence	8.120
xsl	8.120
invested	8.118
whatsoever	8.118
numbered	8.117
terminated	8.113
expands	8.112
lithium	8.110
sedan	8.109
pony	8.109
ctr	8.108
comprises	8.107
leap	8.106
bolton	8.106
founding	8.104
swan	8.103
planting	8.103
alphabetically	8.101
facials	8.101
covenant	8.100
dropping	8.097
calories	8.096
airways	8.095
archaeology	8.095
refill	8.093
reagan	8.092
sailor	8.092
fittings	8.092
lining	8.091
banquet	8.089
cares	8.089
sanctuary	8.089
flora	8.087
kazaa	8.084
einstein	8.083
pornstar	8.083
statue	8.082
hilary	8.079
quotation	8.077
equals	8.076
hardy	8.074
vcd	8.071
jumper	8.071
caravan	8.070
diagrams	8.069
harness	8.068
majors	8.068
headsets	8.068
manipulation	8.066
bells	8.066
vascular	8.066
alongside	8.066
impressions	8.065
yankees	8.065
toxicity	8.062
forwarded	8.062
gal	8.060
transmitter	8.058
dorothy	8.058
freeman	8.056
denim	8.055
greenville	8.055
andre	8.055
scat	8.055
ems	8.055
neighborhoods	8.053
puppies	8.049
relaxing	8.049
delphi	8.047
trophy	8.046
emotion	8.045
buick	8.045
slipknot	8.044
nets	8.044
sights	8.043
uniforms	8.043
mst	8.042
residual	8.041
disasters	8.041
asterisk	8.040
versatile	8.039
liquor	8.038
kindergarten	8.037
profitable	8.035
wounded	8.035
clayton	8.034
bash	8.029
derivative	8.029
suffolk	8.029
ngos	8.028
necklaces	8.024
storesshop	8.024
tot	8.024
occupancy	8.023
postgraduate	8.022
doses	8.021
educate	8.019
baked	8.019
glove	8.016
daytona	8.016
wastewater	8.016
prejudice	8.014
herzegovina	8.014
constructor	8.010
technicians	8.009
debbie	8.006
probable	8.006
issuance	8.005
baldwin	8.005
mbps	8.004
incorporation	8.004
rem	8.002
evolutionary	8.000
arriving	7.997
decoration	7.996
nationals	7.994
trojan	7.993
assistants	7.993
counselor	7.991
spinal	7.991
eliminated	7.985
alito	7.984
sooner	7.983
struggling	7.982
enacted	7.981
waterfront	7.980
tenure	7.980
plush	7.979
weber	7.979
diagnosed	7.979
biotech	7.977
unstable	7.976
turkmenistan	7.975
elk	7.972
woodland	7.972
iranian	7.971
nelly	7.969
fulfill	7.969
urged	7.967
reflecting	7.967
unsecured	7.967
brent	7.964
gaining	7.962
kyoto	7.962
cis	7.960
definitive	7.959
appropriately	7.957
shifts	7.955
inactive	7.954
lansing	7.953
traveled	7.953
barcode	7.951
adapt	7.950
extracted	7.949
accession	7.947
patterson	7.944
regulator	7.938
carriage	7.931
therein	7.930
terminate	7.926
rex	7.923
fuels	7.920
txt	7.919
postcode	7.917
traditionally	7.915
withdraw	7.912
soy	7.911
brett	7.909
makefile	7.909
anchorage	7.909
ansi	7.908
paula	7.907
vicodin	7.900
landmark	7.899
greens	7.896
neat	7.896
naming	7.896
stern	7.896
shawn	7.894
suv	7.892
lacrosse	7.890
bentley	7.888
bud	7.888
slaves	7.887
dentist	7.887
utilizing	7.886
mis	7.885
crafted	7.885
burkina	7.884
eritrea	7.883
bbq	7.883
tutor	7.883
idiot	7.882
comprised	7.881
winnipeg	7.880
charities	7.880
mickey	7.879
debit	7.879
sebastian	7.879
aliens	7.878
domino	7.875
dmx	7.875
edits	7.875
unwanted	7.874
raven	7.873
defeated	7.872
strains	7.872
dwelling	7.872
slice	7.870
tanning	7.867
gambia	7.867
aspen	7.866
lacking	7.866
symbolic	7.865
noaa	7.863
cest	7.863
objectionable	7.862
angles	7.861
lemma	7.861
kyrgyzstan	7.860
pressures	7.860
webb	7.857
sensing	7.855
mediation	7.853
venus	7.853
postgresql	7.853
bump	7.853
cowboys	7.852
flames	7.851
primitive	7.849
kbps	7.849
auf	7.848
trac	7.848
stocking	7.845
esp	7.843
dolby	7.842
balloons	7.842
ecosystem	7.840
pkg	7.839
dashboard	7.838
malcolm	7.838
nikki	7.838
georgetown	7.836
technorati	7.835
esl	7.835
norwich	7.834
halls	7.834
alzheimer	7.833
decorations	7.833
pause	7.832
simplicity	7.832
postscript	7.830
dividends	7.829
relaxed	7.827
periodicals	7.827
pearson	7.827
demon	7.825
welcomed	7.824
infinity	7.821
handler	7.817
gabon	7.814
notation	7.812
chandler	7.812
aunt	7.811
interviewed	7.809
crow	7.808
semantic	7.808
dia	7.807
discontinued	7.803
concurrent	7.803
decides	7.802
caption	7.802
bargaining	7.801
globalization	7.801
atv	7.800
vga	7.800
atari	7.799
complain	7.797
pulmonary	7.797
adhesive	7.796
toledo	7.795
asses	7.793
altitude	7.793
compass	7.791
closet	7.790
sch	7.790
reebok	7.790
couch	7.790
evolved	7.790
downs	7.784
mfg	7.783
exceeding	7.783
rogue	7.781
unfair	7.780
blogthis	7.780
electronically	7.779
inspirational	7.778
augusta	7.777
wilmington	7.776
infantry	7.775
faso	7.775
renowned	7.774
corridor	7.774
philosophical	7.774
scripture	7.773
celebrating	7.773
sahara	7.772
justification	7.771
rebuild	7.770
sdram	7.769
vacant	7.769
manuscript	7.769
fixing	7.768
motherboards	7.767
gram	7.765
blk	7.763
hiding	7.762
methodist	7.762
inherent	7.762
dye	7.761
sits	7.758
alphabet	7.757
shelves	7.754
toes	7.754
cleaned	7.754
honored	7.753
optic	7.752
hannah	7.748
telephones	7.747
tailored	7.747
insect	7.744
frances	7.743
diaries	7.743
chili	7.742
grief	7.741
leicester	7.741
vodafone	7.740
sweat	7.739
dolphin	7.739
pendants	7.737
wonders	7.736
romanian	7.735
ventilation	7.734
ucla	7.734
masks	7.734
celeb	7.733
bust	7.733
lateral	7.732
assoc	7.728
quake	7.727
palo	7.726
usability	7.726
alley	7.722
gardner	7.722
backyard	7.721
sanders	7.720
pathways	7.720
telegraph	7.719
pertaining	7.718
novell	7.718
memorable	7.718
refunds	7.714
newsroom	7.713
tina	7.713
professors	7.711
kia	7.710
monument	7.708
taxpayer	7.705
formally	7.704
cola	7.703
twain	7.703
ile	7.702
boise	7.701
bsd	7.700
nevis	7.697
saab	7.697
dew	7.697
lavender	7.697
refinancing	7.695
justified	7.694
withdrawn	7.693
breeze	7.691
debates	7.690
gems	7.687
cert	7.686
buffy	7.685
doctoral	7.680
backpack	7.676
npr	7.675
identities	7.675
outgoing	7.674
mann	7.674
tajikistan	7.674
yankee	7.670
sheraton	7.667
outs	7.665
snacks	7.661
deficiency	7.660
booster	7.658
taxable	7.658
gum	7.657
progression	7.654
adv	7.652
saddle	7.650
malaria	7.650
loyal	7.649
torrent	7.649
imc	7.648
ufo	7.648
linksys	7.648
dentistry	7.647
renal	7.641
fedora	7.641
odyssey	7.641
spite	7.640
nero	7.639
capita	7.639
nyse	7.638
guideline	7.637
imply	7.637
inaccuracies	7.635
tendency	7.635
caledonia	7.635
freezer	7.634
wholly	7.634
chill	7.634
utilized	7.633
embrace	7.633
pcr	7.631
bnet	7.630
ein	7.630
binoculars	7.630
liner	7.628
manila	7.628
auxiliary	7.627
initiate	7.627
elevated	7.626
purely	7.625
demographics	7.622
fry	7.622
lifts	7.617
vivid	7.617
enroll	7.617
allegations	7.616
stationary	7.613
corresponds	7.612
daemon	7.612
foil	7.611
whitney	7.610
celebrated	7.610
buddies	7.610
alarms	7.608
hunters	7.607
roi	7.606
allison	7.604
crashes	7.602
stairs	7.601
outlines	7.601
steroids	7.600
pogo	7.598
acted	7.597
konica	7.592
hotline	7.590
amps	7.589
byron	7.589
critique	7.587
accountants	7.586
coefficient	7.586
honestly	7.583
transvestite	7.582
upstream	7.582
skull	7.580
continuation	7.579
carnegie	7.578
digg	7.578
servant	7.578
falcon	7.578
jointly	7.578
canadians	7.575
avoided	7.566
comprising	7.566
tick	7.566
ladyboy	7.565
terrier	7.565
listened	7.563
explanations	7.562
renewed	7.560
hussein	7.559
incorporating	7.558
variant	7.558
riley	7.556
biochemistry	7.555
duplication	7.554
equatorial	7.554
critic	7.553
sediment	7.552
translators	7.550
squares	7.550
scottsdale	7.549
ninja	7.549
avalon	7.548
deg	7.547
bot	7.547
lea	7.547
vans	7.546
voucher	7.544
honeymoon	7.544
percussion	7.543
glue	7.542
wheelchair	7.541
cone	7.532
margins	7.531
sands	7.529
survived	7.528
spinning	7.528
epidemiology	7.528
adequately	7.525
pentagon	7.524
spectral	7.523
diabetic	7.522
stressed	7.520
libdevel	7.520
prevalence	7.519
dominica	7.518
contaminated	7.517
fragment	7.517
dvi	7.515
finishes	7.515
lecturer	7.514
biomedical	7.513
embroidered	7.512
bucket	7.508
steak	7.505
gameboy	7.504
commits	7.504
cobra	7.503
subset	7.502
gucci	7.502
threw	7.500
sutton	7.499
djibouti	7.498
https	7.497
websphere	7.495
authorize	7.494
cheney	7.494
zombie	7.493
decorated	7.486
credited	7.485
cherokee	7.484
recycled	7.483
apo	7.482
followup	7.480
recruit	7.477
simmons	7.477
nih	7.476
gals	7.476
hoc	7.476
hdd	7.475
bidders	7.475
wherein	7.475
simulator	7.474
appearances	7.474
performers	7.470
dessert	7.469
dissertation	7.467
exporters	7.467
walsh	7.467
ninth	7.465
mutant	7.464
nos	7.462
marry	7.461
blankets	7.458
enthusiasm	7.458
confusing	7.457
celebrations	7.454
approaching	7.453
bounce	7.453
ivan	7.451
spiral	7.450
ssh	7.449
governors	7.447
weakness	7.447
authoring	7.442
specializes	7.442
wills	7.442
katherine	7.441
atoms	7.441
jacobs	7.440
mauritania	7.440
tissues	7.439
reminded	7.438
irvine	7.437
drake	7.436
olds	7.432
ramp	7.431
jakarta	7.431
cynthia	7.430
roosevelt	7.429
practicing	7.426
schmidt	7.425
nicely	7.425
surprisingly	7.425
expressing	7.424
della	7.423
laurel	7.423
carolyn	7.422
rails	7.422
pgsql	7.421
fried	7.421
cairo	7.420
ambulance	7.420
practically	7.419
traded	7.419
signaling	7.418
vivo	7.418
malls	7.418
domination	7.417
shrimp	7.417
jensen	7.417
chords	7.416
impairment	7.413
scooter	7.412
molecule	7.412
dedication	7.409
wap	7.408
desires	7.407
woody	7.406
dismissed	7.406
mcgraw	7.405
cheerleader	7.404
cried	7.400
psychic	7.400
cracks	7.400
edu	7.397
lotion	7.396
analyzing	7.395
substrate	7.394
sincerely	7.393
mmc	7.393
beaten	7.391
piercing	7.390
ashanti	7.389
antilles	7.386
homemade	7.382
ukrainian	7.382
establishments	7.381
marginal	7.380
visions	7.380
efficacy	7.379
freshwater	7.378
topical	7.376
prestige	7.375
cocaine	7.375
accelerated	7.373
pinnacle	7.371
tucker	7.371
rms	7.370
recognizes	7.369
plugs	7.368
isdn	7.365
responsive	7.364
coded	7.363
supra	7.361
omitted	7.361
molly	7.359
proximity	7.359
alcatel	7.353
belonging	7.353
unbiased	7.353
pear	7.353
suriname	7.352
chiefs	7.348
franz	7.348
collision	7.346
supplementary	7.346
parkway	7.342
femdom	7.340
palau	7.338
clue	7.338
scandal	7.337
duff	7.336
lodges	7.336
dangers	7.334
lys	7.333
bonuses	7.332
scam	7.331
travellers	7.331
gia	7.330
scream	7.328
biking	7.328
discrepancies	7.327
pirate	7.326
microsystems	7.324
timeout	7.321
senses	7.321
aerosmith	7.318
repeats	7.315
resellers	7.315
willie	7.314
portfolios	7.312
rival	7.308
ops	7.303
slower	7.301
simulated	7.301
culinary	7.299
fairfax	7.297
beck	7.296
semantics	7.295
huh	7.295
scarface	7.294
accountant	7.293
beige	7.292
auditing	7.291
rolex	7.291
propaganda	7.291
amplifiers	7.291
offender	7.290
waterloo	7.290
warwick	7.289
coli	7.288
executable	7.288
pentax	7.288
restart	7.286
rounded	7.286
boarding	7.286
vanity	7.285
mitigation	7.282
tome	7.282
prof	7.281
overstock	7.281
homer	7.280
eps	7.278
daylight	7.278
macdonald	7.277
hmm	7.276
gases	7.274
dependency	7.272
dioxide	7.271
fireworks	7.271
genus	7.270
approached	7.270
catching	7.269
cutter	7.266
connects	7.262
ont	7.260
explores	7.258
liberals	7.255
aperture	7.254
roofing	7.253
dixon	7.253
elastic	7.252
melody	7.251
sins	7.250
cousin	7.249
hath	7.248
torque	7.248
recalls	7.247
consultations	7.245
memberships	7.243
debts	7.243
renting	7.243
icann	7.242
ticketmaster	7.242
cdc	7.242
meridia	7.242
phillip	7.241
burial	7.240
balcony	7.240
prescriptions	7.239
hsn	7.236
prop	7.234
avril	7.234
willis	7.234
myths	7.233
camden	7.232
coupling	7.230
knees	7.228
oncology	7.227
neglect	7.226
emerge	7.225
winchester	7.225
clutch	7.224
shy	7.224
poets	7.224
woven	7.224
bloglines	7.223
auditorium	7.223
pedro	7.223
maid	7.222
sid	7.221
carrie	7.219
audioslave	7.218
towels	7.218
wikimedia	7.217
canterbury	7.216
lipitor	7.216
remodeling	7.215
trent	7.214
redhat	7.213
barber	7.213
intuitive	7.212
rigid	7.209
enom	7.207
sta	7.204
degradation	7.203
ret	7.203
haha	7.202
orthodox	7.202
erin	7.201
ferguson	7.201
coordinating	7.200
holistic	7.200
salsa	7.199
fragments	7.199
encarta	7.198
mariana	7.198
qualitative	7.198
claude	7.194
minorities	7.193
childcare	7.193
dvr	7.192
blown	7.192
diffusion	7.192
baton	7.192
cdn	7.191
polynesia	7.189
barton	7.189
umbrella	7.188
soundtracks	7.187
napster	7.187
rods	7.186
wong	7.185
stimulation	7.185
abbey	7.184
pigs	7.183
debugging	7.183
olivia	7.182
rechargeable	7.181
engineered	7.180
jerseys	7.180
refugee	7.178
straps	7.176
maya	7.176
discourse	7.175
lancashire	7.175
superstore	7.173
headache	7.172
stained	7.172
marital	7.172
socialist	7.171
hex	7.171
bruno	7.169
attracted	7.169
undertaking	7.168
slavery	7.167
notwithstanding	7.166
blogroll	7.166
evite	7.165
feasible	7.165
romans	7.164
micronesia	7.164
credibility	7.163
shores	7.160
fest	7.159
thames	7.156
flowing	7.156
dreamweaver	7.155
diets	7.155
montenegro	7.154
deed	7.154
sauna	7.145
whirlpool	7.144
perfumes	7.142
sustain	7.141
mechanic	7.139
bauer	7.138
eliminating	7.137
rejection	7.137
multiplayer	7.134
crt	7.134
caicos	7.132
bowls	7.131
qaeda	7.131
dissemination	7.130
shareholder	7.130
cardinals	7.129
kitts	7.128
cosmic	7.128
dawson	7.127
tivo	7.126
defective	7.126
deletion	7.125
lengths	7.125
beacon	7.125
hoover	7.123
ptr	7.121
macau	7.120
politically	7.119
elective	7.119
forensic	7.118
botanical	7.113
quartet	7.112
mudvayne	7.111
ceramics	7.111
suspense	7.111
drafting	7.110
cruel	7.109
observing	7.108
freestyle	7.108
advertised	7.106
commencement	7.106
southwestern	7.106
conform	7.104
helmets	7.104
organizers	7.103
firing	7.101
smartphone	7.100
eager	7.100
cmd	7.099
denise	7.096
hypertension	7.095
searchable	7.095
touching	7.094
aguilera	7.094
vacancy	7.092
servicing	7.092
papa	7.091
settlements	7.089
strawberry	7.089
chang	7.089
gloria	7.087
counselling	7.087
elevator	7.086
pupil	7.085
feast	7.084
ecards	7.084
maggie	7.083
redemption	7.082
profound	7.081
canton	7.081
nina	7.080
acura	7.078
registering	7.078
seth	7.076
warn	7.075
conservatives	7.073
clit	7.072
bonnie	7.068
laying	7.067
cops	7.065
provisional	7.064
compiling	7.064
fedex	7.063
strive	7.060
snowboarding	7.058
releasing	7.058
laserjet	7.055
martinique	7.055
shells	7.055
painter	7.054
cooker	7.051
ankle	7.051
peso	7.051
leagues	7.049
monkeys	7.046
historically	7.045
lego	7.042
transitions	7.041
prevented	7.040
digits	7.040
err	7.038
banker	7.037
sup	7.036
easiest	7.036
microbiology	7.036
borrow	7.035
internships	7.035
bamboo	7.034
denotes	7.032
communicating	7.029
sgh	7.027
vectors	7.026
decks	7.024
craigslist	7.023
vibration	7.023
stepped	7.023
vent	7.022
blunt	7.022
protector	7.020
hamas	7.020
aux	7.016
react	7.016
understands	7.016
rises	7.013
shane	7.013
issuing	7.011
heaters	7.010
accents	7.009
insane	7.009
buddha	7.008
voyage	7.005
een	7.004
rdf	7.004
colonel	7.003
transitional	7.003
mozart	7.003
acceleration	7.003
sketch	7.002
hoffman	7.002
balances	6.999
firearms	6.998
nightly	6.997
visualization	6.996
pitt	6.992
deduction	6.989
dancer	6.988
coats	6.984
pol	6.979
capsules	6.979
hyde	6.978
firmly	6.977
doo	6.975
dots	6.974
pursuing	6.972
newswire	6.971
aston	6.971
spermshack	6.969
mugs	6.968
brokerage	6.968
washed	6.965
overtime	6.963
staind	6.963
resonance	6.963
mosaic	6.963
rhodes	6.962
fiesta	6.962
sourcing	6.960
vase	6.960
filings	6.958
forcing	6.957
fairs	6.956
flute	6.956
durability	6.955
boeing	6.955
sizing	6.954
exceeded	6.953
meadows	6.952
hindi	6.952
presley	6.951
harsh	6.950
outfit	6.950
godsmack	6.948
labeling	6.944
substitution	6.943
whois	6.942
burma	6.941
cease	6.941
deserves	6.940
aboard	6.938
paradigm	6.937
msc	6.937
irving	6.936
perfection	6.936
joints	6.934
overwhelming	6.934
linguistics	6.933
snmp	6.933
standardized	6.932
liu	6.931
poles	6.928
gta	6.927
bounds	6.926
lyon	6.924
nutrients	6.924
kosovo	6.924
santiago	6.923
vera	6.923
advising	6.921
altogether	6.921
devils	6.920
dignity	6.917
europa	6.917
barbuda	6.913
wondered	6.913
cheshire	6.913
boyd	6.913
sliding	6.911
accumulation	6.911
napa	6.910
descriptive	6.909
abt	6.908
inst	6.907
feasibility	6.907
nickelback	6.906
negotiating	6.901
homo	6.901
pier	6.899
sioux	6.896
nazi	6.896
cote	6.895
premiums	6.895
jenna	6.895
arrays	6.893
lutheran	6.893
syllabus	6.889
rgb	6.889
fellows	6.889
valencia	6.887
superman	6.886
rodriguez	6.885
perkins	6.885
animations	6.884
ideally	6.883
activism	6.882
splash	6.882
fargo	6.881
chairperson	6.879
equip	6.877
saga	6.877
reged	6.876
leverage	6.875
probation	6.875
sgt	6.874
ast	6.874
gran	6.873
commissioned	6.872
hedge	6.872
anguilla	6.868
fender	6.868
violet	6.867
dancers	6.865
mutation	6.865
radisson	6.864
envelopes	6.863
apc	6.862
alle	6.862
compulsory	6.862
hitler	6.860
favorable	6.858
rue	6.858
handset	6.857
preparations	6.856
maxwell	6.855
illustrates	6.855
inheritance	6.853
curry	6.852
vulnerabilities	6.851
pga	6.850
oblique	6.849
pearls	6.849
worms	6.848
activist	6.848
palestinians	6.848
satisfying	6.846
ldap	6.846
succeeded	6.846
prerequisites	6.846
maintainer	6.844
apples	6.843
elf	6.843
dewey	6.843
surviving	6.842
pouch	6.842
advent	6.842
proposes	6.842
hooks	6.841
ces	6.841
exploitation	6.841
singers	6.840
mayo	6.838
tasmania	6.837
mansion	6.835
benq	6.834
cha	6.834
surrender	6.833
schneider	6.832
accumulated	6.832
arsenal	6.830
dub	6.830
screws	6.830
pyramid	6.829
enjoys	6.829
hacking	6.825
stripe	6.824
knoxville	6.823
averages	6.823
peaks	6.821
tai	6.821
como	6.818
lisp	6.815
limousine	6.814
churchill	6.814
mentoring	6.810
pak	6.809
affirmative	6.807
keynote	6.807
mos	6.805
didnt	6.805
classrooms	6.805
planted	6.804
petitioner	6.803
residency	6.802
spoon	6.802
bombs	6.801
niche	6.800
deadlines	6.798
fortunately	6.795
cigar	6.791
vis	6.787
calculating	6.787
erie	6.786
berkshire	6.786
bookshop	6.785
proportional	6.784
credentials	6.784
deprecated	6.782
nonetheless	6.782
municipalities	6.781
chin	6.778
locker	6.777
jenkins	6.776
squash	6.776
expectation	6.776
severely	6.776
spotted	6.771
curse	6.771
hifi	6.771
ajax	6.768
coconut	6.767
interrupt	6.766
conductor	6.765
wont	6.765
liberation	6.763
forex	6.763
diagnostics	6.762
grandfather	6.761
removes	6.761
luxurious	6.759
titan	6.758
dreamcast	6.757
tumors	6.756
booked	6.755
anita	6.755
indirectly	6.755
nile	6.754
blessing	6.751
lumber	6.751
kyocera	6.751
pillows	6.750
portals	6.749
illustrator	6.747
asleep	6.747
potassium	6.745
prompted	6.744
shout	6.743
nudes	6.740
rationale	6.740
hubs	6.739
pasadena	6.739
presidency	6.739
abnormal	6.739
bissau	6.738
delicate	6.738
convince	6.737
whoever	6.737
subway	6.733
hpa	6.732
straw	6.730
lifted	6.729
mankind	6.729
uncertain	6.728
fgets	6.727
citrus	6.726
paramount	6.724
cameltoe	6.724
upright	6.723
breakfasts	6.718
inspectors	6.717
emergencies	6.717
reuse	6.717
ernest	6.716
sightseeing	6.715
shocked	6.714
therapies	6.714
alcoholic	6.712
bakery	6.711
lieutenant	6.711
orchid	6.710
histories	6.705
loses	6.704
widget	6.703
renault	6.703
atkins	6.703
variability	6.702
comoros	6.702
suede	6.701
observatory	6.700
soda	6.699
waited	6.697
preventive	6.697
peach	6.696
calculus	6.695
stefan	6.693
selector	6.689
gop	6.688
breathe	6.688
diaper	6.688
dunn	6.687
hotwire	6.687
ngo	6.686
smiling	6.686
ounces	6.684
pvt	6.683
economically	6.682
uncut	6.681
intact	6.679
noting	6.674
shifting	6.674
samurai	6.673
atp	6.672
moines	6.671
subtotal	6.671
coefficients	6.670
duplex	6.670
ivy	6.669
mvp	6.669
delegate	6.667
lightly	6.667
negotiated	6.666
analyzer	6.663
herman	6.662
congestion	6.661
runners	6.661
stove	6.657
charset	6.656
clin	6.656
accidental	6.655
talents	6.654
nixon	6.654
refuge	6.650
brady	6.650
guadeloupe	6.649
nutrient	6.649
walton	6.649
zhang	6.648
underway	6.647
carved	6.646
ark	6.646
freak	6.645
obstacles	6.645
govt	6.643
cbc	6.643
preferably	6.643
bluff	6.643
excerpts	6.642
jasper	6.641
formatted	6.641
sed	6.641
newborn	6.640
sadly	6.640
laughed	6.639
gorillaz	6.638
avail	6.636
emerson	6.635
regulate	6.633
orchard	6.633
inhibitors	6.633
mythology	6.631
prestigious	6.630
deploy	6.629
trousers	6.627
gameplay	6.627
hatch	6.625
replaces	6.623
tomb	6.622
regina	6.622
stein	6.620
shortage	6.619
privileged	6.615
spill	6.615
goodness	6.615
drift	6.613
extracts	6.613
professions	6.612
explored	6.610
autism	6.608
mysteries	6.607
fuller	6.606
taxpayers	6.606
martinez	6.606
bombing	6.606
decreases	6.604
wwe	6.604
metrics	6.603
winxp	6.600
crisp	6.598
inability	6.598
cor	6.596
goo	6.595
coronary	6.594
bldg	6.594
mediated	6.593
prom	6.593
scans	6.593
keeper	6.593
reinforced	6.592
johannesburg	6.589
spells	6.589
specifying	6.589
vaginal	6.586
buddhist	6.585
isps	6.585
inevitable	6.585
etiquette	6.585
rookie	6.582
environ	6.581
nic	6.579
theatrical	6.577
coloured	6.576
births	6.575
cubs	6.569
interdisciplinary	6.568
wheeler	6.567
ritual	6.567
miguel	6.565
kerala	6.565
pulp	6.565
onset	6.561
interpreter	6.561
enzymes	6.560
specimens	6.559
initiation	6.556
analytics	6.556
assay	6.555
jacuzzi	6.555
reconciliation	6.555
pots	6.554
lesbianas	6.553
recognizing	6.552
parser	6.552
leigh	6.552
razr	6.549
slam	6.549
respects	6.547
tents	6.547
plaque	6.547
accounted	6.547
deposited	6.546
lowe	6.546
beavers	6.544
crib	6.542
styling	6.542
snack	6.541
defending	6.541
pulls	6.541
autonomous	6.539
weezer	6.539
granting	6.538
motoring	6.538
appropriation	6.537
randomly	6.537
condensed	6.536
philippine	6.535
theological	6.534
quietly	6.534
semiconductors	6.533
scenery	6.533
coca	6.532
acs	6.529
peugeot	6.528
bollywood	6.528
mentally	6.527
horoscopes	6.527
drying	6.525
assemblies	6.525
noun	6.524
xmas	6.522
silicone	6.521
collateral	6.521
cpa	6.520
learner	6.519
welcomes	6.517
swallow	6.516
tara	6.515
transplant	6.514
scoreboard	6.513
proliferation	6.512
usenet	6.510
squid	6.510
marines	6.509
lighthouse	6.506
proves	6.506
customised	6.505
trilogy	6.504
crab	6.504
jen	6.501
brightness	6.499
maurice	6.498
brooke	6.498
consumed	6.497
maxim	6.496
hike	6.496
bore	6.495
imdb	6.494
depreciation	6.493
clic	6.493
technically	6.492
ars	6.492
pharmacist	6.490
marley	6.489
enjoyment	6.489
typepad	6.489
cows	6.489
deliveries	6.488
recruiters	6.486
austrian	6.486
correspond	6.486
slate	6.485
suzanne	6.484
confined	6.484
screaming	6.483
inhabitants	6.483
straightforward	6.482
delighted	6.482
cygwin	6.481
morton	6.480
peel	6.480
gprs	6.479
cue	6.478
jupiter	6.477
simultaneous	6.476
monopoly	6.476
png	6.473
pornography	6.473
debris	6.473
han	6.472
intentions	6.472
robotics	6.471
pagan	6.471
chopped	6.469
widow	6.469
contexts	6.469
sac	6.466
peg	6.466
randall	6.465
benson	6.464
sleeves	6.464
troubled	6.464
footnote	6.462
vibrant	6.462
evolving	6.461
sweater	6.459
approximation	6.458
skies	6.456
barrett	6.453
init	6.453
burners	6.453
alison	6.450
fitzgerald	6.450
kicks	6.448
disappeared	6.447
canoe	6.446
svn	6.445
sovereign	6.445
reminds	6.444
organism	6.443
corrupt	6.442
violated	6.439
correspondent	6.438
drought	6.438
bake	6.437
hurricanes	6.436
oslo	6.435
symptom	6.435
laughter	6.433
foreclosures	6.433
propagation	6.433
audits	6.432
ignorance	6.432
pesticides	6.431
explosive	6.431
inventor	6.427
scaling	6.427
juicy	6.425
fave	6.424
residues	6.423
ashlee	6.422
moody	6.421
viet	6.421
fashioned	6.421
grains	6.415
vicinity	6.414
thyroid	6.414
purification	6.410
heal	6.410
orbitz	6.409
southeastern	6.409
wizards	6.409
horoscope	6.408
invasive	6.408
prosperity	6.407
rainfall	6.406
helsinki	6.404
hardback	6.402
mum	6.400
launching	6.400
vuitton	6.400
nextag	6.400
pedal	6.400
inconsistent	6.398
plantation	6.398
storing	6.397
asa	6.397
tote	6.397
jumped	6.396
seemingly	6.396
tuned	6.395
narnia	6.392
passionate	6.392
alfa	6.392
staples	6.392
twp	6.392
mayer	6.391
backward	6.391
sour	6.389
geoff	6.389
rename	6.389
atx	6.389
markup	6.389
combustion	6.388
breakthrough	6.388
scrap	6.388
ietf	6.388
administer	6.384
bilateral	6.384
bella	6.382
blondes	6.382
beneficiaries	6.381
disposable	6.380
williamson	6.376
sock	6.374
gentlemen	6.374
copier	6.373
uncategorized	6.372
terra	6.372
literal	6.372
questioned	6.372
guiding	6.371
charcoal	6.369
vapor	6.368
beware	6.367
aloud	6.366
glorious	6.365
geforce	6.365
overlap	6.365
handsome	6.363
defaults	6.363
foreclosure	6.362
clarification	6.361
grounded	6.359
bail	6.359
goose	6.358
espresso	6.358
judgement	6.353
cruiser	6.352
hendrix	6.351
cumberland	6.350
gifted	6.349
esteem	6.348
cascade	6.347
endorse	6.347
strokes	6.347
shelby	6.347
hen	6.347
homeowner	6.346
ancestry	6.345
mib	6.345
dolphins	6.344
adopting	6.344
landed	6.344
nucleus	6.343
tees	6.343
detached	6.343
scouts	6.342
warsaw	6.341
mist	6.340
glu	6.338
winnt	6.338
verb	6.337
tec	6.336
chic	6.335
hydro	6.334
nonlinear	6.334
spokane	6.334
objection	6.334
phosphate	6.333
playa	6.331
noisy	6.330
csi	6.330
abide	6.330
radioactive	6.328
sentinel	6.328
birthdays	6.327
desserts	6.326
doi	6.325
socio	6.325
pcmcia	6.325
preserving	6.324
vest	6.324
neal	6.322
economist	6.322
grooming	6.322
meridian	6.321
marriages	6.320
regret	6.320
validate	6.318
stakes	6.318
rotating	6.318
nederlands	6.318
brigade	6.311
movable	6.309
doubles	6.307
bst	6.307
bliss	6.306
filmography	6.306
humiliation	6.304
tens	6.304
litter	6.302
reflective	6.301
outerwear	6.300
abbreviations	6.298
executing	6.297
greenwich	6.291
flooding	6.291
parse	6.289
rugged	6.289
jelly	6.289
dsp	6.288
implementations	6.288
grandmother	6.287
renovation	6.287
puma	6.286
appoint	6.285
attendees	6.285
panthers	6.284
perceptions	6.283
greenwood	6.281
ignition	6.281
humble	6.280
toc	6.279
downstream	6.276
petrol	6.275
midway	6.275
mania	6.272
edwin	6.272
webcasts	6.272
accelerator	6.270
masterbating	6.270
clare	6.269
flyers	6.266
recognise	6.266
tacoma	6.265
hostile	6.264
aphrodite	6.264
radiology	6.264
establishes	6.263
whites	6.263
rant	6.263
trapped	6.262
bolts	6.262
diplomatic	6.262
locals	6.261
fringe	6.261
linguistic	6.261
internally	6.261
planetary	6.260
mms	6.260
tungsten	6.259
typed	6.259
desc	6.259
datasheet	6.259
laurent	6.258
shutdown	6.255
ego	6.255
manuel	6.253
xenical	6.253
computerworld	6.249
gaza	6.248
influenza	6.247
gill	6.245
tattoos	6.245
rude	6.245
sang	6.239
steele	6.239
citing	6.238
viewpoint	6.237
peptide	6.236
nay	6.235
sweatshirt	6.235
hassle	6.233
regents	6.233
servants	6.232
meanings	6.230
conception	6.229
unemployed	6.229
heavenly	6.229
exeter	6.228
docket	6.226
amusement	6.226
dll	6.225
elsevier	6.224
nordic	6.224
middlesex	6.222
curl	6.222
privat	6.222
albanian	6.221
overflow	6.219
geometric	6.219
hastings	6.219
subsidies	6.217
taxonomy	6.216
thirds	6.216
deli	6.216
willingness	6.215
intern	6.214
implicit	6.214
nsf	6.214
patriotic	6.213
simplify	6.213
darling	6.213
schwartz	6.213
satan	6.212
ornaments	6.212
oppose	6.212
sata	6.211
terrific	6.211
xxxx	6.210
megan	6.210
allergies	6.209
definite	6.209
bangalore	6.208
congregation	6.205
regiment	6.205
cheer	6.204
everett	6.204
reviewers	6.204
clutter	6.204
misleading	6.201
marty	6.201
predator	6.200
vine	6.199
vale	6.199
whereby	6.198
deceased	6.198
sparks	6.197
xlibs	6.196
belgian	6.194
adolescents	6.193
djs	6.193
simpler	6.193
captures	6.193
coventry	6.193
capitalism	6.190
hancock	6.190
falkland	6.189
clamp	6.188
cur	6.188
pricegrabber	6.188
mammals	6.188
grape	6.186
cloning	6.186
args	6.186
madden	6.185
russ	6.184
peppers	6.184
deeds	6.183
lively	6.182
inequality	6.182
smugmug	6.180
educator	6.180
premature	6.179
visually	6.179
tripod	6.179
immigrant	6.178
alright	6.177
laguna	6.176
limo	6.175
demonstrations	6.174
obsolete	6.173
aligned	6.173
rust	6.172
lon	6.171
pesticide	6.170
interfere	6.170
traps	6.170
shuffle	6.168
wardrobe	6.168
vin	6.168
transformers	6.168
successes	6.167
racer	6.164
fabrication	6.163
guilt	6.162
sweep	6.162
nash	6.160
exploited	6.159
avid	6.158
outpatient	6.158
bladder	6.158
lam	6.158
inflammatory	6.158
iss	6.156
immunity	6.156
encrypted	6.156
bets	6.154
wholesalers	6.154
doyle	6.153
ducks	6.153
coldfusion	6.152
dcr	6.152
shooter	6.151
switchboard	6.151
paints	6.151
vince	6.149
neighbourhood	6.149
cheating	6.148
carr	6.148
fade	6.147
fluorescent	6.145
tastes	6.145
cookware	6.144
storms	6.144
lavigne	6.144
param	6.144
smiled	6.143
jurisdictions	6.143
scrutiny	6.141
regeneration	6.141
lunar	6.141
differentiation	6.140
shields	6.139
environmentally	6.139
nonsense	6.137
invented	6.134
gradient	6.133
ncbi	6.133
inserts	6.133
kvm	6.132
elaine	6.131
programmable	6.130
posed	6.129
subjected	6.128
tasting	6.128
bibtex	6.125
chemotherapy	6.124
gwen	6.120
mob	6.120
expose	6.119
borrowing	6.118
arises	6.117
imf	6.117
precautions	6.115
branded	6.113
dysfunction	6.110
manning	6.109
lisbon	6.109
forks	6.109
monk	6.108
boxer	6.108
shining	6.108
livejournal	6.107
diazepam	6.102
weigh	6.101
rodeo	6.099
clerical	6.098
voyager	6.098
hobart	6.097
sampler	6.092
moose	6.089
jovi	6.087
timetable	6.086
dorset	6.086
corrosion	6.085
positioned	6.084
checker	6.084
buenos	6.083
workstations	6.082
conscience	6.082
crush	6.081
cathy	6.080
mystic	6.080
solicitation	6.079
darren	6.079
cmp	6.078
rectangular	6.078
fischer	6.078
pooh	6.077
enthusiast	6.077
udp	6.077
positively	6.076
sts	6.076
shaping	6.076
ich	6.074
afghan	6.073
inspire	6.069
paulo	6.069
torn	6.069
meantime	6.068
pumping	6.068
patented	6.067
revival	6.067
disappear	6.066
lever	6.064
redundant	6.064
regency	6.063
milfseeker	6.063
tasty	6.063
sbc	6.062
midland	6.061
gag	6.059
synchronization	6.058
mccarthy	6.057
informatics	6.057
oakley	6.056
heck	6.056
rants	6.056
tarot	6.056
didrex	6.054
brenda	6.054
civilians	6.053
bark	6.053
carts	6.053
wasted	6.053
purdue	6.050
cocoa	6.048
invites	6.048
cushion	6.048
reversed	6.047
lynx	6.045
goa	6.045
figurines	6.045
footer	6.044
maternal	6.044
specimen	6.043
jedi	6.043
seamless	6.042
ancestors	6.042
panther	6.040
mixes	6.040
graves	6.040
branding	6.039
ghetto	6.037
thr	6.037
examiner	6.036
vineyard	6.035
meadow	6.035
panty	6.030
feeder	6.029
mercer	6.029
roms	6.027
goodman	6.026
listener	6.026
subunit	6.025
chloride	6.025
awaiting	6.022
kane	6.022
becker	6.021
aires	6.021
bulls	6.021
orion	6.017
commercials	6.016
councillor	6.016
regulators	6.014
hurry	6.014
influential	6.013
clarkson	6.012
carlson	6.012
beneficiary	6.010
benchmarks	6.009
hanson	6.009
offspring	6.008
emi	6.007
panorama	6.006
retrieving	6.006
roth	6.006
odor	6.006
demanded	6.006
reactor	6.005
kiribati	6.005
wastes	6.005
telnet	6.004
clash	6.004
biker	6.004
fidelity	6.004
parked	6.003
sis	6.003
financials	6.003
castro	6.002
flew	6.002
peanut	6.001
holden	6.001
ale	6.000
sem	6.000
converters	5.999
nauru	5.998
rhapsody	5.997
trumpet	5.997
solitaire	5.996
decreasing	5.995
freezing	5.995
kaiser	5.995
dishwasher	5.994
rcs	5.993
wallis	5.992
criminals	5.990
neurons	5.990
ios	5.990
retire	5.989
rumors	5.989
accomplishments	5.988
emergence	5.987
feminist	5.985
theatres	5.982
apex	5.982
crimson	5.982
compassion	5.981
yds	5.979
needing	5.977
twentieth	5.977
ive	5.975
ecosystems	5.975
pronounced	5.974
extensively	5.973
stain	5.973
conrad	5.973
wished	5.972
transient	5.972
kicked	5.968
coloring	5.968
curb	5.967
gadget	5.966
cctv	5.963
leukemia	5.962
reign	5.961
trivial	5.961
deco	5.960
ticker	5.960
coke	5.960
habitats	5.960
clauses	5.959
baron	5.959
remover	5.958
sensible	5.958
unlawful	5.958
bates	5.958
incorporates	5.957
brasil	5.956
webs	5.955
swinging	5.955
accountable	5.954
thrust	5.952
proving	5.952
unicode	5.951
opposing	5.949
prod	5.949
novice	5.948
spreadsheet	5.946
hewitt	5.945
lowering	5.944
dei	5.944
delightful	5.943
cane	5.942
cruising	5.941
fury	5.940
personalities	5.939
discography	5.939
stiff	5.939
todo	5.939
encoded	5.939
researching	5.935
noah	5.935
wore	5.934
christchurch	5.934
pediatrics	5.933
traces	5.932
rabbi	5.932
sushi	5.932
puffy	5.932
asap	5.931
weston	5.931
headings	5.931
enthusiasts	5.929
ridiculous	5.928
scattering	5.927
secretaries	5.925
onsite	5.925
mapquest	5.925
contracted	5.925
elbow	5.924
fights	5.924
deleting	5.924
compilations	5.921
therapists	5.919
appealing	5.918
scholarly	5.917
detailing	5.916
stark	5.916
lifestyles	5.916
roberto	5.916
dst	5.916
strongest	5.914
hammond	5.912
swimwear	5.912
padded	5.912
applet	5.911
pricetool	5.911
circa	5.909
revise	5.909
contributes	5.908
threesomes	5.907
surroundings	5.907
proficiency	5.906
quinn	5.903
uranium	5.902
honours	5.902
consolidate	5.902
daniels	5.902
billions	5.902
hut	5.902
daewoo	5.901
antigen	5.900
ultrasound	5.900
stafford	5.896
mgmt	5.896
procedural	5.896
labrador	5.895
refusal	5.894
lima	5.893
suppression	5.892
weaver	5.891
cern	5.891
readiness	5.890
secular	5.890
macros	5.890
majesty	5.889
msa	5.886
fishery	5.885
teresa	5.885
distributing	5.885
estimating	5.884
outdated	5.883
aussie	5.881
advisories	5.881
dues	5.881
pewter	5.881
lendingtree	5.881
belmont	5.880
distress	5.880
pumpkin	5.879
notably	5.879
intends	5.878
trevor	5.875
homosexual	5.873
garment	5.873
acad	5.872
bilingual	5.872
barbecue	5.872
localization	5.871
supplying	5.870
secondly	5.870
razor	5.869
cough	5.869
cerebral	5.868
grandma	5.868
customization	5.866
gigs	5.865
indexing	5.865
lori	5.865
oceans	5.865
displacement	5.864
spacecraft	5.863
ivoire	5.862
backwards	5.862
arrows	5.862
volunteering	5.861
montserrat	5.861
telecommunication	5.861
presumably	5.859
coatings	5.859
eureka	5.859
plea	5.858
constructive	5.858
bundles	5.857
pcb	5.857
sdk	5.856
tibet	5.856
preparedness	5.855
pres	5.855
isles	5.855
stretching	5.854
ovens	5.854
systemic	5.854
garrett	5.854
esther	5.852
playoffs	5.852
abundant	5.852
deductible	5.850
adaptors	5.849
priests	5.848
accompany	5.848
compares	5.848
forecasting	5.847
hesitate	5.847
inspiring	5.846
specialize	5.846
prey	5.845
deposition	5.845
drm	5.845
laurie	5.845
tas	5.843
zodiac	5.842
pavement	5.842
enya	5.842
masterbation	5.842
tubing	5.841
keller	5.840
pedestrian	5.840
fencing	5.840
bloomington	5.840
artery	5.840
conditioner	5.839
plaintiffs	5.838
inlet	5.837
rub	5.837
violate	5.837
stimulate	5.837
realise	5.837
fluids	5.836
conveniently	5.836
lick	5.835
vanessa	5.835
gov	5.835
stealth	5.835
nucleotide	5.834
ter	5.834
ness	5.832
bronx	5.832
listmania	5.829
repayment	5.828
middot	5.828
netgear	5.828
canopy	5.827
gloss	5.826
panda	5.823
crc	5.822
whip	5.821
symbian	5.819
porch	5.816
pertinent	5.814
lifelong	5.813
emailed	5.812
promoter	5.809
chf	5.809
collegiate	5.809
constants	5.808
construed	5.808
interchange	5.808
remotely	5.808
clr	5.807
fletcher	5.806
concise	5.805
isuzu	5.804
fibers	5.804
handful	5.804
brains	5.803
curtains	5.803
eaten	5.803
indigo	5.803
retaining	5.803
kelley	5.802
autobiography	5.801
conditioned	5.800
webring	5.799
prohibition	5.798
motions	5.797
redirect	5.795
interoperability	5.795
msrp	5.790
tuvalu	5.789
shampoo	5.789
emphasize	5.789
excite	5.788
rebels	5.788
neoplasms	5.786
artifacts	5.785
believing	5.784
vac	5.784
hilarious	5.784
salisbury	5.784
pseudo	5.784
quoting	5.781
sinks	5.780
steep	5.780
dinar	5.780
dynasty	5.779
creed	5.779
carat	5.778
nan	5.778
microphones	5.778
nobel	5.776
raiders	5.776
galaxies	5.776
spreads	5.776
verlag	5.775
elegance	5.775
volatile	5.774
pointers	5.774
sensory	5.772
scrapbook	5.771
dummies	5.769
throne	5.768
magnesium	5.766
pagina	5.766
kenwood	5.766
chartered	5.766
slopes	5.765
socially	5.762
unfortunate	5.761
seized	5.761
roundup	5.759
territorial	5.759
leases	5.759
imac	5.759
consisted	5.759
randolph	5.759
faxes	5.758
plump	5.758
uss	5.756
memoirs	5.755
alkaline	5.752
expire	5.750
och	5.750
wwii	5.750
midst	5.749
methyl	5.749
campuses	5.749
borne	5.746
forgive	5.746
ramada	5.746
competitor	5.745
mansfield	5.744
neighbours	5.744
tesco	5.743
marvin	5.742
dba	5.740
architectures	5.737
conversions	5.737
acdbline	5.736
usable	5.735
tempo	5.735
getty	5.734
mutations	5.732
cdr	5.732
readable	5.731
almanac	5.731
conway	5.730
gail	5.730
msi	5.730
responds	5.729
denote	5.729
slayer	5.728
payne	5.728
prog	5.728
firewalls	5.726
tester	5.725
polling	5.725
fifa	5.725
purchaser	5.724
bins	5.724
relies	5.723
inserting	5.723
tibetan	5.723
prepares	5.722
concludes	5.721
consumables	5.720
waterford	5.720
rodney	5.719
cylinders	5.719
mus	5.718
selects	5.718
fulton	5.717
directing	5.716
nationality	5.716
highbeam	5.715
msdn	5.714
statistically	5.714
torch	5.714
zurich	5.713
stretched	5.711
depressed	5.711
mps	5.709
encounters	5.709
haunted	5.708
spares	5.708
symmetry	5.706
agp	5.705
bout	5.705
cont	5.705
adverts	5.705
programmed	5.701
lohan	5.701
salons	5.701
olympia	5.698
hank	5.697
negligence	5.697
unclear	5.697
screened	5.697
helper	5.697
carlisle	5.696
aromatherapy	5.695
rancho	5.695
transferring	5.695
nederland	5.695
stockton	5.694
stepping	5.694
hacks	5.693
clearwater	5.692
attic	5.692
trustpass	5.691
topology	5.691
appetite	5.691
sensation	5.690
piper	5.690
airborne	5.690
morality	5.690
honorable	5.689
wealthy	5.689
handicap	5.688
skinny	5.688
sewage	5.688
endowment	5.688
demonstrating	5.688
antennas	5.686
sundance	5.686
lifecycle	5.686
dhcp	5.686
avec	5.685
trucking	5.685
sonoma	5.683
esta	5.680
defender	5.679
amos	5.678
iraqis	5.677
shortcut	5.677
wretch	5.675
sunlight	5.674
stems	5.674
racist	5.673
profitability	5.672
unc	5.672
fairmont	5.672
ventura	5.672
convey	5.671
ang	5.668
evergreen	5.668
globally	5.667
bearings	5.665
govern	5.665
feather	5.665
fond	5.664
sore	5.663
aaliyah	5.662
fiat	5.662
reboot	5.661
sixteen	5.660
newsgroup	5.659
blinds	5.657
audiovox	5.656
traits	5.656
tightly	5.656
graded	5.655
phuket	5.653
successor	5.653
intrusion	5.653
sickness	5.651
guiana	5.649
underneath	5.648
prohibit	5.647
metabolic	5.646
noel	5.645
cans	5.645
abused	5.645
sarasota	5.643
billed	5.643
lim	5.643
avery	5.643
toons	5.642
danielle	5.640
brushes	5.640
tenth	5.640
anthology	5.639
prosecutor	5.639
smiles	5.639
merged	5.638
auditors	5.638
grandchildren	5.637
exc	5.637
desks	5.637
capsule	5.637
aided	5.636
relied	5.636
suspend	5.632
eternity	5.631
mesothelioma	5.631
trafficking	5.630
introductions	5.628
weighing	5.626
eff	5.625
currents	5.625
bizjournals	5.624
michele	5.623
aide	5.622
kindly	5.621
cutie	5.621
nes	5.619
protests	5.618
sharks	5.616
notch	5.615
minors	5.615
dances	5.615
revealing	5.614
reprinted	5.613
fernando	5.613
mapped	5.612
resurrection	5.610
lieu	5.610
decree	5.610
tor	5.610
creampie	5.609
seoul	5.607
printf	5.607
columnist	5.607
discovering	5.606
tuberculosis	5.605
lacks	5.605
horizons	5.604
transplantation	5.604
jerome	5.604
daytime	5.603
elaborate	5.603
contour	5.603
gamble	5.602
fra	5.602
descent	5.602
nwt	5.602
gravel	5.602
analyse	5.602
rammstein	5.601
disturbing	5.600
judged	5.600
shutter	5.600
illusion	5.600
ambitious	5.599
scrapbooking	5.597
ole	5.597
notorious	5.596
ibid	5.595
residue	5.595
reds	5.595
enlarged	5.594
stephens	5.594
transforming	5.594
sequential	5.593
stripping	5.592
uniquely	5.592
bart	5.591
assert	5.591
goodies	5.591
fluctuations	5.590
bowie	5.589
auth	5.589
archaeological	5.589
inspect	5.586
thrice	5.585
babylon	5.585
gina	5.585
sugababes	5.584
edison	5.584
casualty	5.583
rsa	5.583
rcw	5.582
musings	5.582
whistler	5.579
poses	5.577
airfares	5.577
huntsville	5.577
ths	5.576
noir	5.576
eli	5.575
layouts	5.574
evan	5.574
servicemagic	5.573
mushroom	5.573
designate	5.572
scent	5.572
sequel	5.571
gymnastics	5.570
titanic	5.569
knob	5.569
wolves	5.567
exquisite	5.567
herpes	5.565
upward	5.565
sentenced	5.565
dundee	5.565
newsgator	5.565
principe	5.565
contractual	5.564
acquiring	5.564
judging	5.563
unchanged	5.563
kicking	5.563
meg	5.562
akron	5.561
fines	5.561
grasp	5.560
streak	5.558
ounce	5.557
thirteen	5.556
tragic	5.555
theodore	5.554
buena	5.552
irrelevant	5.551
professionally	5.551
liberties	5.551
sounding	5.550
rebounds	5.549
milano	5.549
compressor	5.548
toast	5.548
happily	5.546
hooked	5.546
samantha	5.545
shrink	5.545
knox	5.542
khz	5.542
webmail	5.542
carcinoma	5.542
taipei	5.542
unesco	5.541
mutually	5.541
stance	5.540
aps	5.538
kumar	5.538
beaded	5.536
remembering	5.536
boca	5.535
exodus	5.534
compartment	5.534
gemini	5.533
kinky	5.533
brittany	5.533
dove	5.532
testified	5.532
iis	5.532
cunningham	5.532
derive	5.531
affinity	5.531
presbyterian	5.531
supervisory	5.531
pretend	5.528
ostg	5.525
buddhism	5.525
amnesty	5.523
chiropractic	5.523
borrower	5.523
gloucester	5.521
warrants	5.520
owens	5.520
fairness	5.519
needles	5.519
coll	5.519
throughput	5.519
quota	5.518
netbsd	5.518
discreet	5.518
misplace	5.517
versa	5.517
imp	5.516
serviced	5.515
mack	5.514
sung	5.513
lowell	5.511
whichever	5.509
starr	5.509
elliot	5.509
opener	5.508
uae	5.508
vaccines	5.506
chooses	5.506
tuscany	5.505
jigsaw	5.504
jumbo	5.504
crowded	5.504
tickling	5.503
unspecified	5.503
wee	5.501
jsp	5.501
turbine	5.501
unreal	5.500
wounds	5.500
percentages	5.499
advisers	5.499
manufactures	5.497
physiological	5.496
lett	5.495
maths	5.495
addison	5.495
charters	5.494
generalized	5.494
unprecedented	5.494
probes	5.494
frustration	5.494
flint	5.493
dummy	5.493
financially	5.493
awake	5.493
sanitation	5.492
americana	5.491
swivel	5.491
ally	5.489
dissolved	5.488
cleanliness	5.486
complexes	5.485
kung	5.483
varsity	5.483
collectively	5.482
insurer	5.482
croatian	5.482
inhibition	5.479
multicast	5.478
certifications	5.478
burnt	5.478
solidarity	5.478
frustrated	5.477
muhammad	5.477
alma	5.477
pradesh	5.476
ger	5.476
hanover	5.475
inverse	5.475
clifton	5.474
holt	5.474
isis	5.473
verdict	5.472
nominee	5.472
medals	5.471
proton	5.471
dickinson	5.470
christi	5.469
lister	5.469
recurring	5.468
studs	5.467
allegedly	5.467
rhetoric	5.466
modifying	5.465
incubus	5.465
kaplan	5.464
impulse	5.463
surveyed	5.463
creditors	5.461
dull	5.461
tis	5.458
cabins	5.457
commenced	5.457
ballroom	5.456
employing	5.456
satellites	5.456
ignoring	5.456
linens	5.455
stevenson	5.454
coherent	5.454
beetle	5.454
converts	5.454
majestic	5.452
bicycles	5.451
omni	5.451
roast	5.450
testers	5.450
debuginfo	5.449
complainant	5.449
inhibitor	5.449
clifford	5.448
knowledgeable	5.447
critically	5.447
composers	5.445
localities	5.445
owe	5.444
jimi	5.443
hummer	5.442
reciprocal	5.442
accelerate	5.440
hatred	5.438
telefonsex	5.438
questioning	5.437
putative	5.437
manifest	5.436
indications	5.434
petty	5.434
permitting	5.433
hyperlink	5.433
presario	5.433
motorsports	5.433
som	5.431
behave	5.431
getaway	5.431
bees	5.430
robbins	5.429
zeppelin	5.429
felix	5.429
shiny	5.429
carmel	5.428
encore	5.428
smash	5.427
angelina	5.427
kimberly	5.427
unsure	5.426
braun	5.425
destructive	5.425
sockets	5.423
claimant	5.423
dinosaur	5.422
psa	5.422
tac	5.421
ample	5.420
countless	5.420
ashland	5.419
energies	5.419
dlp	5.418
repealed	5.417
royce	5.417
listeners	5.414
abusive	5.413
sophomore	5.413
antibiotics	5.412
landfill	5.412
warehousing	5.410
filesize	5.410
merits	5.409
scarf	5.409
strangers	5.408
garland	5.408
voor	5.407
celebrex	5.405
verisign	5.405
riviera	5.405
apprentice	5.403
obscure	5.403
napoleon	5.403
registrations	5.402
wavelength	5.402
glamour	5.400
slashdot	5.399
transvestites	5.397
hated	5.396
cheerleaders	5.396
sigh	5.395
trolley	5.395
principals	5.395
sidney	5.393
friedman	5.392
coolpix	5.392
spicy	5.391
blocker	5.390
tawnee	5.389
frankly	5.389
hud	5.389
chronological	5.389
mov	5.388
entrepreneurship	5.387
itinerary	5.387
fools	5.387
beard	5.384
discoveries	5.384
percentile	5.383
linkage	5.382
economical	5.379
miniatures	5.378
wedge	5.378
adjusting	5.377
mock	5.376
peggy	5.375
bats	5.373
patriots	5.373
ruins	5.373
sheila	5.372
ripper	5.372
dependencies	5.370
afp	5.370
accomodation	5.368
benton	5.366
mcafee	5.366
chateau	5.366
denis	5.365
counselors	5.365
homestead	5.365
competitiveness	5.364
burger	5.364
microscopy	5.364
changer	5.363
sergeant	5.363
melt	5.363
syrian	5.363
hyper	5.362
madthumbs	5.362
linkin	5.362
gmail	5.362
ned	5.361
cypress	5.360
courtney	5.359
cites	5.359
utf	5.358
scooters	5.357
reserveamerica	5.357
organisational	5.356
prospectus	5.355
ezine	5.355
protectors	5.354
reactive	5.352
interiors	5.350
encouragement	5.350
clipboard	5.350
disadvantages	5.349
gamer	5.347
alexa	5.347
abbott	5.346
tailor	5.346
pollutants	5.343
directorate	5.343
chocolates	5.342
faux	5.342
supervised	5.342
interpreting	5.340
savvy	5.339
pascal	5.339
tha	5.339
serenity	5.338
uploads	5.337
ore	5.337
pant	5.337
sheridan	5.337
gallons	5.336
attainment	5.336
sanitary	5.335
terri	5.334
cooperate	5.333
dreaming	5.333
norms	5.332
implants	5.332
fortunate	5.331
alibaba	5.331
mushrooms	5.330
hormones	5.330
hype	5.329
interpretations	5.329
geoffrey	5.328
faults	5.328
addr	5.328
nfs	5.327
silva	5.326
grease	5.326
diablo	5.325
urinary	5.325
cairns	5.325
institut	5.325
premise	5.325
epidemic	5.325
prima	5.325
condoms	5.324
rite	5.324
directives	5.324
cinnamon	5.323
zelda	5.322
lac	5.322
discharged	5.321
alba	5.320
underworld	5.319
variants	5.319
fetal	5.319
palms	5.318
lawsuits	5.318
seated	5.317
lattice	5.316
dong	5.316
realization	5.315
reportedly	5.314
absorbed	5.314
sirius	5.313
chord	5.311
edi	5.310
kudoz	5.309
vous	5.309
turf	5.308
asphalt	5.308
replay	5.307
improper	5.307
flavors	5.307
dilemma	5.307
rebuilding	5.306
livingston	5.305
quickcheck	5.305
commenting	5.303
shifted	5.302
tangible	5.302
smoked	5.301
hawks	5.301
ziff	5.300
placebo	5.299
irons	5.298
comet	5.298
berg	5.297
baltic	5.297
corrective	5.297
competency	5.297
muse	5.295
probing	5.295
teachings	5.294
tyne	5.293
lotto	5.293
fowler	5.292
youngest	5.290
contingent	5.289
refreshing	5.288
textures	5.286
pid	5.286
syrup	5.285
xii	5.284
warmth	5.284
hawkins	5.283
dep	5.283
lust	5.283
correlated	5.282
augustine	5.282
dominion	5.281
verses	5.278
seagate	5.277
nanotechnology	5.277
astronomical	5.276
solvent	5.274
toggle	5.274
luna	5.274
amplitude	5.272
aesthetic	5.272
commercially	5.272
emc	5.272
dion	5.272
wolfgang	5.272
spacing	5.270
frameworks	5.268
completeness	5.268
irregular	5.267
barker	5.265
solids	5.265
mergers	5.264
capturing	5.264
filtration	5.264
certify	5.264
gpa	5.262
consulted	5.262
realised	5.262
cpus	5.262
jude	5.261
eighteen	5.261
singular	5.261
incremental	5.260
jennings	5.260
demons	5.259
unacceptable	5.258
redistribute	5.257
coping	5.257
corr	5.255
baxter	5.254
outbreak	5.254
abdominal	5.254
sbin	5.250
deficiencies	5.249
curved	5.249
milestone	5.248
erase	5.248
lien	5.248
nip	5.247
bites	5.247
prose	5.247
marx	5.247
incidental	5.245
toni	5.245
arguing	5.245
vein	5.244
scalable	5.244
hale	5.242
swear	5.241
intra	5.240
bel	5.240
clown	5.240
spontaneous	5.238
summers	5.238
taboo	5.237
equestrian	5.237
wetland	5.234
olson	5.234
methodologies	5.234
malicious	5.233
consume	5.233
amazed	5.232
fourteen	5.231
legislators	5.231
volcano	5.230
capacities	5.230
fremont	5.230
skeleton	5.229
someday	5.228
tsp	5.227
sha	5.226
suspects	5.226
displaced	5.225
sounded	5.224
exporter	5.224
honesty	5.224
dwarf	5.224
mri	5.222
hum	5.221
bis	5.217
northeastern	5.217
ifdef	5.217
shocks	5.215
rewarding	5.215
killers	5.214
battalion	5.214
multicultural	5.214
lasers	5.214
candid	5.214
schooling	5.213
dataset	5.211
thornton	5.209
schoolgirl	5.209
caesar	5.208
savers	5.208
powerpc	5.208
pines	5.208
steelers	5.207
stellar	5.207
davenport	5.205
locating	5.205
monogram	5.204
philippe	5.204
enhances	5.203
aix	5.201
fucks	5.200
relational	5.199
ornament	5.199
graffiti	5.197
cassettes	5.196
pussies	5.196
urges	5.194
sophie	5.194
doesnt	5.194
tiff	5.193
cnc	5.192
refrigeration	5.192
attacking	5.190
microscope	5.190
houghton	5.187
countdown	5.187
threaten	5.187
decker	5.186
natl	5.185
bait	5.185
extern	5.184
badges	5.184
enron	5.184
kitten	5.184
codec	5.183
broadcasts	5.182
brides	5.182
dent	5.181
checksum	5.180
stealing	5.179
bullets	5.179
emphasized	5.179
glossy	5.178
informations	5.176
haired	5.175
directional	5.174
breeders	5.173
alterations	5.173
pablo	5.173
lethal	5.171
biographical	5.166
confirms	5.165
cavity	5.164
molded	5.161
vladimir	5.160
ida	5.159
probate	5.159
terrestrial	5.158
decals	5.158
completes	5.157
beams	5.157
props	5.157
incense	5.157
formulated	5.157
dough	5.156
stool	5.155
macs	5.155
towing	5.155
welch	5.154
rosemary	5.153
millionaire	5.151
turquoise	5.151
archival	5.149
seismic	5.149
exposures	5.148
baccarat	5.148
boone	5.147
substituted	5.147
horde	5.146
paperwork	5.146
mommy	5.145
teenager	5.145
nanny	5.144
suburb	5.144
hutchinson	5.144
smokers	5.143
cohort	5.142
succession	5.141
declining	5.141
alliances	5.141
sums	5.140
lineup	5.139
averaged	5.138
hotspot	5.138
bellevue	5.138
glacier	5.138
pueblo	5.138
req	5.137
rigorous	5.136
gigabit	5.135
worksheet	5.134
allocate	5.133
relieve	5.133
aftermath	5.132
roach	5.131
clarion	5.130
override	5.130
angus	5.129
enthusiastic	5.128
lame	5.127
continuum	5.127
squeeze	5.127
feng	5.126
sar	5.126
burgundy	5.124
struggles	5.122
pep	5.122
farewell	5.122
soho	5.121
ashes	5.120
vanguard	5.119
nylons	5.119
chipset	5.118
natal	5.118
locus	5.117
msnbc	5.116
hillary	5.116
evenings	5.116
misses	5.116
troubles	5.115
factual	5.115
carisoprodol	5.115
tutoring	5.114
spectroscopy	5.114
gemstone	5.113
psc	5.112
phonephone	5.111
elton	5.111
purity	5.111
shaking	5.111
unregistered	5.109
witnessed	5.105
cellar	5.105
moto	5.104
gonzalez	5.103
friction	5.103
prone	5.103
valerie	5.103
enclosures	5.102
dior	5.102
mer	5.101
equitable	5.101
fuse	5.100
lobster	5.097
pops	5.097
osha	5.097
judaism	5.097
goldberg	5.095
atlantis	5.095
amid	5.092
onions	5.092
preteen	5.089
bonding	5.087
insurers	5.087
prototypes	5.086
corinthians	5.086
crosses	5.086
proactive	5.085
issuer	5.084
uncomfortable	5.084
sylvia	5.084
furnace	5.083
sponsoring	5.083
poisoning	5.082
doubled	5.082
malaysian	5.082
clues	5.081
inflammation	5.081
rabbits	5.080
icc	5.079
transported	5.078
crews	5.078
easton	5.077
goodwill	5.076
sentencing	5.076
bulldogs	5.076
worthwhile	5.075
ideology	5.075
anxious	5.075
tariffs	5.074
norris	5.073
cervical	5.072
baptism	5.071
cutlery	5.071
overlooking	5.070
tallahassee	5.070
userpic	5.069
knot	5.068
attribution	5.068
rad	5.067
gut	5.067
staffordshire	5.066
factories	5.066
acta	5.066
swords	5.066
advancing	5.065
yep	5.064
timed	5.064
evolve	5.064
yuan	5.063
iec	5.063
differs	5.063
esa	5.060
suspicious	5.060
leased	5.059
subscribed	5.059
tate	5.058
starters	5.058
dartmouth	5.057
brewing	5.057
coop	5.057
uml	5.056
bur	5.056
blossom	5.055
scare	5.055
confessions	5.052
bergen	5.052
lowered	5.052
kris	5.052
thief	5.051
prisons	5.050
pictured	5.049
feminine	5.049
sizeof	5.049
grabbed	5.048
rocking	5.047
spi	5.046
nichols	5.046
regs	5.045
blackwell	5.045
fulfilled	5.041
sweets	5.041
nautical	5.040
imprisonment	5.040
employs	5.040
gutenberg	5.040
bubbles	5.039
ashton	5.039
pitcher	5.039
shinedown	5.038
standby	5.038
judgments	5.036
muscular	5.036
motif	5.036
illnesses	5.035
plum	5.035
saloon	5.035
prophecy	5.034
loft	5.033
arin	5.033
unisex	5.032
historian	5.030
wallets	5.029
identifiable	5.029
elm	5.029
facsimile	5.027
hurts	5.027
ethanol	5.025
cannabis	5.024
folded	5.024
rsvp	5.023
sofia	5.023
dynamically	5.022
comprise	5.022
grenadines	5.021
lump	5.021
constr	5.020
disposed	5.020
subtitle	5.018
chestnut	5.018
librarians	5.017
engraved	5.017
halt	5.017
alta	5.017
manson	5.016
autocad	5.011
pastoral	5.011
unpaid	5.010
ghosts	5.010
powerbook	5.009
doubts	5.008
locality	5.008
substantive	5.007
bulletins	5.006
worries	5.005
hug	5.004
rejects	5.003
spear	5.003
nigel	5.003
referee	5.002
transporter	5.002
jolie	5.002
swinger	5.002
broadly	5.001
ethereal	5.001
crossroads	5.000
aero	4.999
constructing	4.999
smoothly	4.998
parsons	4.998
bury	4.996
infiniti	4.996
blanc	4.995
autonomy	4.995
bounded	4.994
ppl	4.993
williamsburg	4.993
insist	4.993
birch	4.992
supp	4.992
slash	4.991
snyder	4.991
budgeting	4.991
exercised	4.990
backpacks	4.990
detecting	4.990
resale	4.990
mikes	4.989
howell	4.989
digestive	4.988
scalar	4.988
entertain	4.988
cinderella	4.987
unresolved	4.987
sesame	4.987
hep	4.986
duct	4.985
touches	4.984
seiko	4.983
electromagnetic	4.982
arial	4.981
tos	4.980
joanne	4.980
housewife	4.979
zoofilia	4.979
hcl	4.978
pursued	4.977
validated	4.976
lend	4.976
sco	4.976
corvette	4.975
yachts	4.974
stacy	4.972
christie	4.972
unrelated	4.971
lois	4.971
levi	4.970
annotate	4.970
stimulating	4.970
mont	4.969
joomla	4.969
misuse	4.969
helix	4.967
cosmos	4.967
speculation	4.967
dixie	4.967
pans	4.966
enforced	4.966
legion	4.965
env	4.964
fulfillment	4.964
biomass	4.963
assertion	4.961
phs	4.961
hierarchical	4.961
lesions	4.961
shook	4.961
lincolnshire	4.959
financed	4.958
dismissal	4.956
surnames	4.956
mah	4.956
reconditioned	4.956
shocking	4.954
allergic	4.954
overland	4.954
prolonged	4.953
isaiah	4.953
backbone	4.952
abn	4.951
unanimously	4.950
eliminates	4.949
sausage	4.949
addict	4.948
matte	4.947
neighboring	4.946
uncommon	4.946
centralized	4.946
stratford	4.946
heidi	4.946
melanie	4.944
objections	4.942
unpublished	4.941
ames	4.940
slaughter	4.940
enlightenment	4.939
pistol	4.939
juniors	4.938
rockets	4.937
secunia	4.937
metering	4.936
seymour	4.936
genetically	4.936
zebra	4.935
runway	4.933
arithmetic	4.933
supposedly	4.933
admits	4.931
bombay	4.930
originals	4.930
enrichment	4.929
chennai	4.928
milford	4.928
buckle	4.928
bartlett	4.927
fetch	4.927
kitchens	4.927
ions	4.926
asshole	4.925
wat	4.925
rey	4.925
divers	4.925
faroe	4.925
townsend	4.925
blackburn	4.924
glendale	4.924
speedway	4.924
founders	4.923
sweatshirts	4.923
sundays	4.923
upside	4.922
admiral	4.922
yay	4.920
patron	4.919
sandwiches	4.919
sinclair	4.919
boiler	4.919
anticipate	4.917
activex	4.916
logon	4.916
induce	4.916
annapolis	4.916
padding	4.916
recruiter	4.915
popcorn	4.914
espanol	4.914
disadvantaged	4.913
trong	4.912
diagonal	4.912
unite	4.912
cracked	4.911
debtor	4.910
polk	4.910
mets	4.910
niue	4.909
shear	4.907
mortal	4.907
sovereignty	4.907
supermarket	4.907
franchises	4.905
rams	4.905
cleansing	4.904
mfr	4.904
boo	4.904
hmmm	4.903
genomic	4.902
gown	4.902
helpdesk	4.902
ponds	4.901
archery	4.901
refuses	4.900
excludes	4.897
afb	4.896
sabbath	4.896
ruin	4.896
trump	4.895
nate	4.895
escaped	4.895
precursor	4.895
mates	4.894
adhd	4.892
avian	4.892
exe	4.892
stella	4.891
visas	4.891
matrices	4.890
anyways	4.888
xtreme	4.888
passages	4.888
etiology	4.887
cereal	4.882
comprehension	4.881
tcl	4.881
tow	4.879
resolving	4.879
mellon	4.878
drills	4.877
webmd	4.877
alexandra	4.876
champ	4.876
personalised	4.876
hospice	4.876
zerodegrees	4.876
agreeing	4.875
qos	4.875
exhibitor	4.874
rented	4.873
deductions	4.873
harrisburg	4.872
brushed	4.871
augmentation	4.871
otto	4.871
annuity	4.870
assortment	4.869
credible	4.869
sportswear	4.868
cultured	4.867
importing	4.866
deliberately	4.866
recap	4.866
openly	4.866
toddlers	4.866
astro	4.864
crawl	4.863
chanel	4.862
theo	4.862
sparkling	4.861
jabber	4.860
hgh	4.858
bindings	4.858
convincing	4.857
rotate	4.857
flaws	4.856
este	4.856
tracing	4.855
deviations	4.855
incomes	4.854
fema	4.853
subwoofer	4.852
amortization	4.852
neurology	4.852
ack	4.851
fragile	4.850
jeremiah	4.849
sapiens	4.849
nyt	4.849
olsen	4.849
serbian	4.847
radiator	4.847
hai	4.845
competencies	4.845
restoring	4.842
sanchez	4.842
rushing	4.842
behold	4.841
amherst	4.840
alteration	4.840
hotspots	4.839
trainee	4.837
nielsen	4.837
podcasting	4.836
murdered	4.835
centennial	4.834
tuna	4.833
bluegrass	4.833
hazel	4.831
wipe	4.831
ledger	4.830
scarlet	4.829
crushed	4.829
acronyms	4.829
laughs	4.829
connie	4.827
autographed	4.826
referendum	4.826
modulation	4.825
statues	4.825
depths	4.823
spices	4.823
communion	4.823
loader	4.823
uncertainties	4.821
colonies	4.821
followers	4.819
caldwell	4.818
latency	4.818
themed	4.817
messy	4.817
squadron	4.817
bei	4.816
dmc	4.815
rupee	4.815
ments	4.814
subsidy	4.813
demolition	4.813
irene	4.813
empowerment	4.811
felony	4.809
lungs	4.809
monuments	4.808
veronica	4.807
filtered	4.806
replacements	4.806
growers	4.805
vinci	4.805
subtitles	4.804
adj	4.804
gcse	4.804
haul	4.804
acupuncture	4.804
workload	4.803
acknowledgement	4.802
highlighting	4.801
duly	4.800
roasted	4.800
tenders	4.800
inviting	4.798
rig	4.798
grassroots	4.797
mick	4.797
gentoo	4.796
redevelopment	4.796
mustard	4.796
strait	4.796
masterpiece	4.795
obey	4.795
cellphone	4.795
donkey	4.794
sax	4.793
jacks	4.793
conceived	4.792
triggered	4.792
boasts	4.790
praying	4.789
oss	4.788
multiply	4.788
intercourse	4.787
frontgate	4.787
radial	4.787
mare	4.786
routinely	4.785
instructed	4.785
stole	4.785
kirby	4.785
armour	4.784
summarized	4.784
avalanche	4.784
asc	4.783
northampton	4.783
uploading	4.782
manuscripts	4.782
managerial	4.780
nsu	4.780
cary	4.780
celine	4.779
exhibited	4.779
disciples	4.778
shaving	4.778
finepix	4.776
wks	4.776
bishops	4.776
kite	4.775
destroying	4.775
humorous	4.774
tonnes	4.774
hypermail	4.774
thunderbird	4.773
faa	4.772
corona	4.771
heap	4.771
griffith	4.770
investigative	4.769
letras	4.769
bylaws	4.769
erection	4.768
quasi	4.768
wmv	4.767
lao	4.767
energetic	4.766
disturbance	4.766
saunders	4.765
ribbons	4.765
jew	4.765
facesitting	4.764
exile	4.763
breastfeeding	4.760
bilder	4.759
reside	4.759
mccartney	4.758
anglo	4.758
cashier	4.757
kathryn	4.757
jaw	4.756
butterflies	4.755
eats	4.755
randomized	4.755
knots	4.755
flea	4.754
motivational	4.754
offences	4.753
anton	4.752
pals	4.752
gratuite	4.752
gerry	4.752
celebrates	4.751
hail	4.751
armenian	4.751
longitudinal	4.751
historians	4.751
realities	4.750
kappa	4.750
mentions	4.750
samson	4.750
neuroscience	4.749
blender	4.749
jumps	4.749
fleming	4.749
blaster	4.747
optimistic	4.746
remediation	4.746
wasting	4.746
decoder	4.746
genocide	4.745
acclaimed	4.745
seldom	4.745
heathrow	4.745
indy	4.744
morrow	4.744
pantera	4.743
glitter	4.742
giovanni	4.741
sidebar	4.740
authored	4.739
lasted	4.739
snoop	4.739
awhile	4.739
winery	4.739
rbi	4.738
scaled	4.738
contingency	4.735
photon	4.734
wiltshire	4.734
vague	4.733
overlay	4.732
wraps	4.730
constituents	4.728
rusty	4.728
pharma	4.726
herd	4.726
handicapped	4.725
exported	4.722
fayetteville	4.722
lag	4.721
champaign	4.720
warns	4.720
fyi	4.720
pakistani	4.718
harmless	4.718
ics	4.718
apa	4.717
bitches	4.716
sting	4.715
urbana	4.714
bravo	4.714
believers	4.714
diagnose	4.713
secsg	4.713
franco	4.712
announcing	4.712
dispersion	4.711
curiosity	4.711
trivium	4.711
amature	4.711
showroom	4.710
swarovski	4.709
resting	4.709
missiles	4.708
persistence	4.708
coarse	4.708
continents	4.708
liter	4.708
carpets	4.707
recovering	4.705
submarine	4.704
akon	4.703
blessings	4.703
brendan	4.702
prevailing	4.701
originated	4.701
axe	4.700
condosaver	4.699
sculptures	4.699
amex	4.698
intrinsic	4.698
classicvacations	4.698
blackpool	4.698
thoughtful	4.697
nicht	4.697
archer	4.697
hertfordshire	4.696
inuyasha	4.695
nominees	4.694
warmer	4.691
cuz	4.691
viewsonic	4.691
dryers	4.690
calf	4.689
fujifilm	4.689
basil	4.688
ams	4.687
hallmark	4.686
counterparts	4.686
paced	4.685
engl	4.684
grouped	4.684
dominate	4.683
asians	4.682
orient	4.681
contra	4.681
damaging	4.680
populated	4.678
seether	4.678
renee	4.678
boiling	4.678
journeys	4.678
milestones	4.678
parkinson	4.677
parsing	4.676
splitting	4.675
mclean	4.674
derbyshire	4.674
checkboxes	4.673
abandon	4.672
lobbying	4.672
rave	4.671
mgm	4.670
cigars	4.669
cinemas	4.669
islander	4.668
encoder	4.667
nicolas	4.667
inference	4.665
ras	4.665
recalled	4.664
importers	4.664
impressum	4.663
transformer	4.663
weiss	4.663
declarations	4.663
rib	4.662
phe	4.662
chattanooga	4.661
giles	4.661
maroon	4.660
drafts	4.660
excursions	4.660
jerk	4.659
kontakt	4.659
shack	4.658
ers	4.658
marrow	4.658
kawasaki	4.657
licences	4.657
bose	4.657
tavern	4.656
bathing	4.656
lambert	4.656
epilepsy	4.655
allowances	4.655
fountains	4.654
goggles	4.653
ses	4.653
unhappy	4.652
clones	4.652
foregoing	4.652
crossover	4.652
situ	4.651
specificity	4.651
certainty	4.651
sleek	4.650
gerard	4.649
runoff	4.648
osteoporosis	4.648
approvals	4.648
antarctic	4.647
ord	4.647
successive	4.646
neglected	4.645
ariel	4.645
bea	4.643
monty	4.643
cafes	4.643
jukebox	4.643
classmates	4.642
hitch	4.642
fracture	4.640
ama	4.640
nexus	4.639
cancers	4.639
foremost	4.639
nineteenth	4.638
chesapeake	4.637
tango	4.637
melting	4.637
mahogany	4.637
actresses	4.636
clarence	4.636
ernst	4.636
garner	4.635
buster	4.634
moderated	4.634
mal	4.634
nassau	4.634
flap	4.634
ignorant	4.632
aba	4.632
allowable	4.632
karate	4.632
compositions	4.631
sings	4.630
marcos	4.629
sorrow	4.629
carte	4.629
canned	4.627
collects	4.627
treaties	4.626
endurance	4.626
optimizing	4.626
teaspoon	4.626
switchfoot	4.625
coldplay	4.625
insulated	4.625
dupont	4.624
harriet	4.624
philosopher	4.623
rectangle	4.622
woo	4.622
queer	4.621
pains	4.621
vioxx	4.620
decatur	4.619
wrapper	4.619
tty	4.618
ahmed	4.618
bsc	4.617
buchanan	4.617
drummer	4.617
sobre	4.616
celexa	4.615
guitarist	4.614
symmetric	4.613
ceremonies	4.613
satisfies	4.612
kuala	4.612
appellate	4.611
comma	4.610
bbb	4.609
geeks	4.609
conformity	4.609
avant	4.608
repec	4.608
insightful	4.607
supper	4.607
fulfilling	4.606
hooded	4.606
unrated	4.605
diva	4.604
adsense	4.603
instability	4.602
seminary	4.602
exemptions	4.601
integrates	4.601
presenter	4.601
csa	4.599
offenses	4.598
emulation	4.597
lengthy	4.596
sonata	4.596
fortress	4.595
contiguous	4.594
bookstores	4.594
perez	4.592
cimel	4.592
inaccurate	4.592
hvac	4.591
explanatory	4.591
leica	4.591
settlers	4.590
stools	4.589
ministerial	4.589
xavier	4.589
agendas	4.589
torah	4.589
fao	4.589
publishes	4.588
stacks	4.588
owning	4.586
nws	4.585
andersen	4.583
busch	4.583
armani	4.580
bipolar	4.580
sermon	4.580
facilitating	4.577
complained	4.577
ferdinand	4.576
taps	4.574
thrill	4.574
lagoon	4.573
undoubtedly	4.572
menopause	4.571
inbound	4.571
withheld	4.571
insisted	4.570
shortlist	4.570
gainesville	4.569
tiava	4.569
eclectic	4.568
reluctant	4.568
headphone	4.568
regimes	4.567
headaches	4.566
ramsey	4.565
oath	4.564
readme	4.564
pigeon	4.563
rivals	4.563
freed	4.562
binder	4.562
xemacs	4.562
constrained	4.562
parrot	4.562
magnum	4.562
invoked	4.561
invaluable	4.561
helicopters	4.561
keystone	4.559
inclined	4.559
ngc	4.559
gala	4.559
intercontinental	4.559
cheek	4.559
traction	4.556
utterly	4.556
workspace	4.556
customizable	4.556
softcover	4.556
gavin	4.556
illuminated	4.555
realtime	4.555
lasts	4.555
gloucestershire	4.554
electrons	4.554
psychologist	4.554
dane	4.554
claudia	4.553
perpetual	4.553
subsystem	4.552
appl	4.552
kinetic	4.551
caffeine	4.551
solicitor	4.550
clustering	4.550
glimpse	4.547
nib	4.546
verbatim	4.546
innocence	4.546
httpd	4.545
quicker	4.545
grandparents	4.545
cardboard	4.543
attributable	4.542
sketches	4.541
angelo	4.540
tertiary	4.540
exhausted	4.539
smarter	4.539
slac	4.538
shelters	4.538
attain	4.537
dora	4.536
calorie	4.536
inconvenience	4.536
tang	4.535
graphite	4.535
vaccination	4.535
stroller	4.535
farther	4.534
bowel	4.534
sweaters	4.534
chats	4.534
mafia	4.533
riot	4.533
fats	4.532
futuna	4.532
mandarin	4.532
dungeon	4.532
predictable	4.532
germans	4.532
lilly	4.532
shire	4.531
susceptible	4.531
mosquito	4.531
kashmir	4.529
insest	4.528
lyons	4.528
skyline	4.528
sulfur	4.527
scams	4.527
lipid	4.527
putnam	4.526
corpse	4.526
speedy	4.526
ming	4.526
tao	4.526
quot	4.525
ritz	4.523
networked	4.523
localhost	4.522
lush	4.522
barrels	4.522
transformations	4.522
cabling	4.522
analogue	4.522
werner	4.521
clyde	4.521
stills	4.519
perimeter	4.519
biased	4.519
cardiology	4.519
playoff	4.519
honorary	4.518
sti	4.518
irwin	4.518
brewer	4.518
chiang	4.517
exchanged	4.517
payload	4.516
adhere	4.515
fran	4.514
merrill	4.514
oldsmobile	4.514
grilled	4.514
rafael	4.513
ccc	4.511
enquire	4.511
toilets	4.510
mains	4.509
whales	4.509
misty	4.509
lindsey	4.509
parity	4.508
partitions	4.507
grim	4.506
conserved	4.505
searchsearch	4.505
hubbard	4.504
rewrite	4.503
vending	4.503
prism	4.503
chasing	4.502
keygen	4.502
janeiro	4.501
flop	4.501
aggregation	4.500
shelley	4.500
batting	4.500
borrowed	4.499
heh	4.499
transexuals	4.498
rests	4.498
toss	4.497
prentice	4.496
depicted	4.496
grapes	4.495
proposing	4.495
cumbria	4.494
winding	4.494
diaz	4.494
ripped	4.493
vegan	4.493
congressman	4.493
cobalt	4.492
pity	4.492
recombinant	4.492
ubuntu	4.492
downward	4.491
superstar	4.491
closeout	4.489
corel	4.489
kayaking	4.489
synergy	4.489
eta	4.489
catalogues	4.487
aspire	4.487
harvesting	4.486
garfield	4.486
groom	4.485
jewels	4.485
saturated	4.485
georges	4.485
backpacking	4.484
quincy	4.483
accidentally	4.482
doughty	4.482
bonded	4.482
sticking	4.482
dudley	4.482
osama	4.481
weeds	4.479
stripped	4.479
oprah	4.479
inflatable	4.478
beers	4.478
clive	4.478
fixture	4.477
glassware	4.477
canary	4.476
steadily	4.476
amc	4.475
imagined	4.474
darby	4.474
woke	4.473
kos	4.473
fills	4.473
proportions	4.472
grips	4.471
clergy	4.471
coursework	4.471
solicitors	4.470
kayak	4.470
moderately	4.470
mayotte	4.468
altar	4.468
salvage	4.467
repetitive	4.467
stanton	4.467
creators	4.467
gears	4.467
orbital	4.467
musicals	4.466
kilometres	4.465
cuff	4.465
lithuanian	4.465
amatuer	4.464
repeating	4.464
empires	4.463
profiling	4.461
reps	4.461
oyster	4.458
sturdy	4.458
sequencing	4.457
massacre	4.456
undergo	4.455
panoramic	4.455
risen	4.455
blended	4.454
deskjet	4.453
rhino	4.453
polynomial	4.453
tau	4.452
nsa	4.452
imperative	4.452
stakeholder	4.451
beg	4.449
digging	4.449
lantern	4.448
catches	4.448
evangelical	4.448
eaton	4.447
ruler	4.447
signifies	4.447
henri	4.446
stochastic	4.445
psu	4.444
tokens	4.444
santana	4.444
kidding	4.444
piping	4.443
swept	4.441
swansea	4.441
airmail	4.441
staring	4.441
seventy	4.440
problematic	4.438
troop	4.437
arose	4.436
decomposition	4.436
chatham	4.436
roadmap	4.435
ogg	4.433
becky	4.433
lesbo	4.432
farrell	4.432
elders	4.431
interpreters	4.430
supporter	4.430
acknowledgements	4.429
klaus	4.429
tnt	4.429
skincare	4.425
conquest	4.425
heroin	4.424
repairing	4.423
mandated	4.423
workbook	4.422
assemble	4.422
xslt	4.422
hogan	4.422
omg	4.421
whistle	4.420
sulfate	4.420
dresden	4.419
timeshare	4.419
diversified	4.419
oldies	4.417
fertilizer	4.416
complaining	4.415
analytic	4.414
predominantly	4.411
amethyst	4.411
debra	4.411
woodward	4.411
rewritten	4.411
cdrom	4.410
concerto	4.409
adorable	4.409
ambition	4.409
torres	4.407
apologize	4.407
cle	4.406
restraint	4.405
thrillers	4.404
fortran	4.403
eddy	4.402
condemned	4.402
berger	4.402
timeless	4.401
parole	4.401
corey	4.401
kendall	4.401
spouses	4.400
slips	4.400
ninety	4.399
tyr	4.399
trays	4.398
stewardship	4.398
cues	4.397
esq	4.397
bioinformatics	4.397
kisses	4.396
kerr	4.396
regulating	4.396
flock	4.395
exporting	4.395
arabian	4.394
chung	4.394
subpart	4.393
scheduler	4.393
bending	4.393
boris	4.392
hypnosis	4.391
kat	4.390
ammunition	4.390
vega	4.390
pleasures	4.389
shortest	4.389
denying	4.389
cornerstone	4.388
recycle	4.387
shave	4.387
sos	4.386
lsu	4.386
sexe	4.384
disruption	4.384
galway	4.384
colt	4.383
artillery	4.383
furnish	4.383
precedence	4.383
gao	4.383
applicability	4.382
volatility	4.382
grinding	4.381
rubbish	4.381
missionary	4.381
knocked	4.380
swamp	4.379
uid	4.379
pitching	4.379
hoteles	4.379
fav	4.378
bordeaux	4.377
manifold	4.377
tornado	4.377
disneyland	4.376
umd	4.376
gdb	4.376
possessed	4.375
upstairs	4.375
bro	4.375
turtles	4.374
offs	4.374
listserv	4.374
fab	4.373
vauxhall	4.373
cond	4.373
welcoming	4.372
learns	4.371
manipulate	4.370
dividing	4.370
hickory	4.370
renovated	4.370
inmates	4.370
tokelau	4.370
conformance	4.369
slices	4.369
diecast	4.368
bittorrent	4.368
cody	4.367
frankie	4.367
lawson	4.366
quo	4.366
alprazolam	4.364
damned	4.364
beethoven	4.363
faint	4.363
rebuilt	4.362
proceeded	4.361
collaborate	4.360
lei	4.359
tentative	4.358
peterborough	4.357
fierce	4.357
jars	4.356
authenticity	4.356
hips	4.356
rene	4.356
gland	4.355
positives	4.355
wigs	4.355
resignation	4.354
striped	4.354
zion	4.353
blends	4.353
garments	4.353
fraternity	4.353
hunk	4.352
allocations	4.352
lymphoma	4.351
tapestry	4.351
originating	4.350
stu	4.349
chap	4.348
blows	4.347
inevitably	4.347
rpc	4.347
freebies	4.345
converse	4.344
frontline	4.343
thb	4.343
tele	4.343
gardener	4.342
imap	4.342
winamp	4.342
winnie	4.342
ita	4.341
higgins	4.341
stoke	4.340
idg	4.337
warwickshire	4.337
polymers	4.336
penguins	4.336
attracting	4.335
grills	4.335
jeeves	4.335
harp	4.334
phat	4.334
escrow	4.333
lumpur	4.333
wes	4.332
dds	4.332
denton	4.332
anthem	4.332
tack	4.332
whitman	4.332
nowadays	4.331
woodstock	4.331
infospace	4.331
sack	4.331
inferior	4.330
surfers	4.329
abuses	4.329
inspected	4.328
deb	4.327
jockey	4.326
kauai	4.326
licensors	4.324
indicative	4.323
cpc	4.323
stresses	4.321
incumbent	4.321
ithaca	4.321
webhosting	4.320
edmund	4.320
peoria	4.319
upholstery	4.319
aggression	4.319
peek	4.318
alr	4.318
practiced	4.318
ella	4.318
casualties	4.317
ipsec	4.316
bournemouth	4.316
sudoku	4.315
monarch	4.315
undef	4.314
housed	4.314
administering	4.314
temptation	4.313
havana	4.313
roe	4.313
campground	4.312
nasal	4.312
sars	4.312
restrictive	4.311
costing	4.311
ranged	4.310
cme	4.310
predictive	4.310
vlan	4.310
aquaculture	4.310
hier	4.309
spruce	4.309
paradox	4.309
sendmail	4.309
redesign	4.308
billings	4.308
jeanne	4.307
nitro	4.307
oxidation	4.307
jackpot	4.307
marin	4.307
halfway	4.306
cortex	4.303
entitlement	4.303
amending	4.303
conflicting	4.302
georgian	4.302
compensate	4.301
recherche	4.301
loser	4.300
secs	4.300
mixers	4.300
accountancy	4.298
claus	4.298
policing	4.298
braves	4.298
cracking	4.298
sued	4.296
shoots	4.296
michaels	4.295
interrupted	4.295
hemisphere	4.294
miranda	4.294
clover	4.294
ecc	4.293
kindness	4.292
similarities	4.292
hipaa	4.290
porto	4.290
neutron	4.290
duluth	4.289
directs	4.289
jolly	4.288
snakes	4.288
swelling	4.288
spanning	4.288
politician	4.287
femme	4.287
unanimous	4.286
railways	4.286
approves	4.286
scriptures	4.286
misconduct	4.286
lester	4.286
dogg	4.285
folklore	4.285
resides	4.285
wording	4.285
obliged	4.285
perceive	4.284
rockies	4.282
siege	4.282
dimm	4.282
exercising	4.281
acoustics	4.281
voluntarily	4.281
pensacola	4.280
atkinson	4.280
crs	4.279
condominium	4.278
wildcats	4.278
nord	4.277
exhibitors	4.276
truths	4.275
ssi	4.273
grouping	4.273
wolfe	4.272
redwood	4.271
thereto	4.271
invoices	4.270
tyres	4.268
westwood	4.268
authorizing	4.268
enamel	4.268
toby	4.266
gly	4.265
radiant	4.262
estonian	4.262
virgins	4.262
firstly	4.262
martini	4.261
butte	4.260
bomber	4.260
reeves	4.260
songwriter	4.260
suspicion	4.259
disadvantage	4.258
bastard	4.258
shania	4.258
coaster	4.257
spends	4.257
hicks	4.257
typedef	4.257
pratt	4.256
pedigree	4.256
strippers	4.255
macmillan	4.254
fraudulent	4.254
aac	4.254
woodworking	4.254
sherwood	4.253
forgiveness	4.253
cbd	4.252
almond	4.252
pricerunner	4.252
afl	4.252
catalytic	4.251
har	4.251
petitions	4.251
francais	4.251
trenton	4.250
chalk	4.248
omar	4.248
alexis	4.247
bethesda	4.246
privatization	4.246
sourceforge	4.246
sanford	4.245
axle	4.245
membranes	4.245
puppet	4.243
testosterone	4.242
cultivation	4.242
nunavut	4.242
surveying	4.242
grazing	4.241
biochemical	4.240
pillar	4.240
mirage	4.240
lennon	4.239
questionable	4.238
seaside	4.238
suitability	4.237
precinct	4.237
renamed	4.237
cobb	4.237
lara	4.236
unbelievable	4.236
soluble	4.236
piracy	4.235
rowing	4.234
siding	4.234
hardest	4.233
forrest	4.233
invitational	4.233
reminders	4.233
negro	4.232
blanca	4.232
equivalents	4.232
johann	4.231
handcrafted	4.231
aftermarket	4.230
pineapple	4.230
fellowships	4.230
freeway	4.229
wrath	4.228
opal	4.228
simplest	4.227
patrons	4.227
peculiar	4.227
toon	4.226
europeans	4.226
commence	4.225
descendants	4.225
redmond	4.224
safeguard	4.224
digitally	4.224
lars	4.223
hatchback	4.222
rfp	4.221
obsession	4.221
grind	4.221
albeit	4.221
billiards	4.220
coa	4.220
clint	4.220
bankers	4.220
righteous	4.220
redistribution	4.218
freaks	4.218
subclass	4.216
rutgers	4.213
tra	4.212
sampled	4.212
sincere	4.212
deploying	4.211
interacting	4.211
roanoke	4.211
intentionally	4.210
blitz	4.210
tended	4.209
censorship	4.209
cactus	4.208
viva	4.208
treadmill	4.208
fiberglass	4.207
attained	4.206
blew	4.205
howe	4.205
nap	4.205
osaka	4.205
splendid	4.204
janice	4.204
personalize	4.204
lava	4.203
leonardo	4.203
sucked	4.203
scissors	4.203
broncos	4.202
jorge	4.202
cooks	4.200
sharply	4.200
granada	4.200
laurence	4.200
rebellion	4.198
rainy	4.198
tho	4.198
regent	4.197
evelyn	4.197
vinegar	4.196
vie	4.196
classifications	4.196
diggs	4.195
rafting	4.195
pluto	4.194
gil	4.194
sle	4.194
vail	4.193
fisherman	4.191
misery	4.191
undergoing	4.191
limerick	4.191
safaris	4.191
contaminants	4.190
envy	4.190
scr	4.190
mitch	4.190
sweeping	4.190
healthier	4.189
ussr	4.186
mailer	4.186
preface	4.186
jameson	4.185
grievance	4.185
liners	4.185
asheville	4.185
unread	4.183
sentiment	4.183
pencils	4.182
galloway	4.182
quinta	4.182
kristin	4.181
forged	4.181
bistro	4.181
viola	4.181
voodoo	4.178
disclosures	4.177
provence	4.177
caching	4.176
computerized	4.175
rustic	4.175
rumor	4.175
dillon	4.174
shah	4.174
eleanor	4.174
deception	4.173
volts	4.173
conducts	4.173
divorced	4.173
rushed	4.173
excalibur	4.173
bots	4.172
weighs	4.172
sinatra	4.170
magnolia	4.170
diver	4.170
disappointment	4.170
castles	4.169
notions	4.169
plateau	4.168
interpersonal	4.168
dexter	4.168
traumatic	4.167
ringer	4.167
zipper	4.166
meds	4.165
palette	4.164
blaze	4.163
wreck	4.162
threatens	4.162
strengthened	4.162
sammy	4.162
briefings	4.161
siblings	4.160
wakefield	4.160
adversely	4.159
devastating	4.159
pitcairn	4.159
centro	4.158
pdb	4.158
arabs	4.157
bild	4.155
onboard	4.155
robbery	4.154
eine	4.154
nucleic	4.154
telecoms	4.153
jasmine	4.152
crochet	4.151
brock	4.151
crowds	4.148
hoops	4.146
hehe	4.146
macon	4.145
celeron	4.145
lynne	4.145
invariant	4.144
stamped	4.142
challenger	4.141
increment	4.141
redistributed	4.141
uptake	4.140
newsweek	4.139
geared	4.139
ideals	4.139
chloe	4.139
ape	4.138
svc	4.137
gee	4.137
apologies	4.137
prada	4.137
tycoon	4.136
malignant	4.135
maxtor	4.134
plone	4.134
dcp	4.134
dismiss	4.133
preceded	4.131
lawful	4.131
stag	4.131
crosby	4.130
biochem	4.130
pte	4.130
rash	4.129
ors	4.129
gateways	4.129
compactflash	4.128
collapsed	4.128
antibiotic	4.128
horns	4.127
vanderbilt	4.127
cps	4.126
diversion	4.126
overweight	4.126
fantasies	4.126
metasearch	4.126
taliban	4.125
maureen	4.125
trekking	4.124
coordinators	4.124
beginnings	4.124
reversal	4.124
digi	4.124
lex	4.122
shoreline	4.121
presses	4.121
ordination	4.120
westin	4.120
oxfordshire	4.120
yves	4.120
tandem	4.120
middleware	4.119
mips	4.119
boil	4.119
deliberate	4.119
gagged	4.119
roundtable	4.118
surprises	4.118
abe	4.116
roc	4.116
dementia	4.116
barley	4.115
potent	4.115
amusing	4.114
mastering	4.114
levine	4.113
nerves	4.112
ripencc	4.111
shoppy	4.111
filesystem	4.111
retains	4.110
pow	4.110
docking	4.108
guidebook	4.108
atreyu	4.108
kylie	4.108
pilates	4.107
chimney	4.107
backstreet	4.105
packers	4.105
localized	4.105
naomi	4.104
proverbs	4.103
lic	4.102
risky	4.102
mistaken	4.101
carving	4.101
miracles	4.100
docume	4.100
clair	4.099
fte	4.099
slipped	4.099
realism	4.098
stl	4.098
crete	4.097
fractions	4.097
archiving	4.094
disconnect	4.094
bloodhound	4.094
multilingual	4.093
sherry	4.093
desperately	4.093
gsa	4.093
indies	4.093
tulip	4.092
madame	4.092
remedial	4.092
vain	4.091
bert	4.091
immunization	4.091
dalton	4.091
bologna	4.090
departing	4.089
ciara	4.088
maze	4.088
cumming	4.087
barefoot	4.085
remuneration	4.085
bohemian	4.085
interviewing	4.085
categorized	4.084
imposing	4.083
damon	4.083
tivoli	4.083
cmos	4.083
transmissions	4.082
receivable	4.081
rode	4.081
amen	4.081
marching	4.081
ronnie	4.081
evacuation	4.080
owing	4.080
warp	4.080
implant	4.079
playlists	4.079
thematic	4.079
brentwood	4.079
catholics	4.078
imo	4.078
correctional	4.077
faculties	4.076
katz	4.076
denies	4.076
jojo	4.075
buffers	4.075
talkback	4.075
servings	4.074
reinforce	4.072
kobe	4.072
inception	4.072
draper	4.072
baylor	4.071
otc	4.071
bowman	4.071
frustrating	4.071
subversion	4.071
ssa	4.071
zeta	4.071
benny	4.070
spires	4.070
barney	4.070
dinnerware	4.070
sclerosis	4.069
homosexuality	4.068
declares	4.068
emotionally	4.067
masonry	4.067
carbohydrate	4.067
medicinal	4.067
estrogen	4.067
odbc	4.066
ipods	4.066
accrued	4.065
temples	4.065
realizing	4.065
annum	4.064
openbsd	4.063
cemeteries	4.063
indoors	4.063
telescopes	4.062
magellan	4.061
champs	4.061
federated	4.060
averaging	4.059
salads	4.059
addicted	4.058
shui	4.058
flashlight	4.058
disappointing	4.058
rockford	4.057
eighty	4.057
staging	4.057
unlocked	4.056
scarce	4.056
statistic	4.055
roche	4.055
ropes	4.055
torino	4.055
spiders	4.054
obedience	4.054
plague	4.053
diluted	4.053
canine	4.053
gladly	4.053
schizophrenia	4.052
brewery	4.052
lineage	4.052
mehr	4.051
brew	4.051
vaughan	4.051
kern	4.051
julius	4.051
coup	4.051
cannes	4.051
morse	4.050
dominance	4.050
predators	4.049
piston	4.049
itu	4.049
cords	4.048
mpi	4.048
revisited	4.048
cass	4.048
sealing	4.047
topped	4.047
adhesives	4.047
rag	4.046
despair	4.046
inventories	4.045
fore	4.045
brokeback	4.044
absorb	4.044
injected	4.043
alps	4.042
commodore	4.042
dumping	4.042
enlisted	4.041
prophets	4.041
econ	4.040
footjob	4.040
warez	4.040
supernatural	4.038
overlooked	4.038
magenta	4.037
tagging	4.037
ditch	4.036
feared	4.036
prelude	4.036
rowe	4.034
slick	4.034
overly	4.034
limestone	4.034
triggers	4.034
commentaries	4.034
constructs	4.033
impedance	4.033
dragonfly	4.033
manpower	4.033
underoath	4.033
lec	4.032
chunk	4.032
reels	4.031
lob	4.031
slept	4.031
gregg	4.030
refundable	4.030
hbo	4.030
billboard	4.029
drafted	4.028
chalet	4.028
huang	4.028
sportsbook	4.027
layered	4.027
hopper	4.026
sus	4.026
neurological	4.026
subs	4.025
specialization	4.025
abstraction	4.024
ludwig	4.021
watchdog	4.021
scandinavian	4.021
starbucks	4.020
ibook	4.020
viability	4.020
detained	4.019
luncheon	4.019
filler	4.019
smiley	4.019
zenith	4.018
genomics	4.018
yum	4.018
browns	4.018
researched	4.017
waits	4.016
tenor	4.015
copiers	4.014
ovarian	4.014
softly	4.014
plenary	4.014
scrub	4.013
airplanes	4.012
wilkinson	4.012
limb	4.011
intestinal	4.011
cello	4.011
poe	4.011
wlan	4.010
refusing	4.009
suffers	4.009
sweepstakes	4.009
occupy	4.008
antigens	4.008
gan	4.007
midtown	4.007
bethlehem	4.005
stabilization	4.005
caves	4.005
authoritative	4.005
celestial	4.004
immense	4.004
audrey	4.004
merlin	4.003
kinetics	4.003
cocos	4.003
aiming	4.002
seizure	4.002
stuttgart	4.002
diplomacy	4.000
differing	4.000
impacted	4.000
foreigners	3.999
limp	3.999
capitalist	3.998
rumsfeld	3.998
mute	3.998
beanie	3.998
prescott	3.997
protestant	3.997
metre	3.997
tricky	3.996
ordinances	3.996
thurs	3.995
spaced	3.995
koch	3.994
freq	3.994
topaz	3.994
ans	3.994
segmentation	3.993
imaginary	3.993
albion	3.993
soaps	3.992
courthouse	3.992
sutherland	3.990
entrepreneurial	3.990
dar	3.989
dart	3.989
lebanese	3.988
psycho	3.988
maharashtra	3.988
ricoh	3.988
wrought	3.987
robe	3.987
nrc	3.986
theresa	3.985
heidelberg	3.985
multitude	3.985
tutors	3.984
ezra	3.983
housekeeping	3.983
captive	3.982
kettle	3.982
visitation	3.982
chr	3.982
gibbs	3.981
baggage	3.980
chavez	3.980
dusty	3.979
patty	3.978
serena	3.978
asst	3.977
satire	3.977
overload	3.977
tortured	3.975
pioneers	3.974
vikings	3.974
crate	3.973
kanye	3.973
bootstrap	3.973
wtf	3.973
episcopal	3.972
humane	3.972
scm	3.970
moonlight	3.970
mast	3.970
travelocity	3.970
unfinished	3.968
fno	3.967
goth	3.967
cared	3.967
affection	3.966
sworn	3.966
twink	3.966
bowen	3.966
vicious	3.965
educating	3.964
nortel	3.964
kin	3.963
koh	3.963
affiliations	3.963
cozy	3.963
pussycat	3.963
appropriated	3.963
escherichia	3.963
mallorca	3.962
mackenzie	3.962
reversible	3.961
spd	3.961
slippers	3.961
unclassified	3.960
earthquakes	3.960
bookshelf	3.959
hayward	3.958
wandering	3.958
comb	3.958
liquids	3.957
htdocs	3.957
beech	3.957
vineyards	3.957
amer	3.956
zur	3.955
frogs	3.955
fps	3.955
consequential	3.954
initialization	3.954
unreasonable	3.953
expat	3.953
osborne	3.952
raider	3.951
farmington	3.950
timers	3.950
stimulus	3.950
economists	3.950
miners	3.950
agnes	3.949
constituency	3.949
rocker	3.949
acknowledges	3.948
alas	3.948
enrolment	3.948
glibc	3.947
sawyer	3.947
maori	3.947
lawmakers	3.947
tense	3.946
predicting	3.946
filipino	3.946
cooled	3.945
prudential	3.944
basel	3.944
migrant	3.944
devotion	3.944
larson	3.943
photosmart	3.943
invoke	3.942
arte	3.942
leaning	3.942
centrally	3.940
acl	3.940
luv	3.940
paddle	3.939
watkins	3.939
oxley	3.938
anterior	3.938
dealership	3.938
chop	3.937
eyewear	3.937
rooted	3.937
onyx	3.936
benches	3.936
illumination	3.936
freedoms	3.936
bakersfield	3.936
foolish	3.935
finale	3.935
weaker	3.935
foley	3.935
fir	3.932
stirling	3.932
moran	3.932
decal	3.931
compose	3.931
nausea	3.930
comfortably	3.928
hoop	3.928
addictive	3.928
clarinet	3.928
temps	3.928
fiona	3.927
clearer	3.927
floods	3.927
gigabyte	3.927
fritz	3.926
mover	3.926
dbz	3.926
modeled	3.923
erica	3.923
malaga	3.922
rainforest	3.921
federally	3.920
sustaining	3.920
macos	3.920
repaired	3.918
diocese	3.918
francois	3.918
obituary	3.918
multinational	3.918
painters	3.917
thistle	3.917
pornstars	3.917
tem	3.917
sleepy	3.917
nope	3.916
footnotes	3.916
evo	3.915
rupert	3.915
shrine	3.915
aspirin	3.915
purified	3.914
striving	3.914
dire	3.913
attendant	3.913
gull	3.913
jour	3.913
mir	3.913
spoilers	3.912
northumberland	3.912
machining	3.911
malibu	3.911
memoir	3.910
betsy	3.910
gatwick	3.909
shaun	3.909
redundancy	3.909
meredith	3.909
fauna	3.909
cliffs	3.909
hayden	3.909
emo	3.908
roadside	3.908
smells	3.908
dispose	3.907
detox	3.906
waking	3.906
feathers	3.906
skateboard	3.905
reflex	3.905
falcons	3.905
automate	3.904
drosophila	3.904
branson	3.904
spurs	3.903
sion	3.903
ortho	3.903
crashed	3.903
appraisals	3.902
travelled	3.901
urgency	3.901
flashes	3.900
lakewood	3.900
gould	3.900
brit	3.899
drupal	3.899
prac	3.898
eliza	3.897
carers	3.897
kramer	3.896
graduating	3.896
rims	3.895
harmonic	3.895
usaid	3.895
darts	3.895
idc	3.894
shin	3.892
intriguing	3.892
keypad	3.891
flaw	3.891
richland	3.890
tails	3.890
emulator	3.890
microbial	3.890
discarded	3.889
bibles	3.889
hangs	3.889
adc	3.888
caregivers	3.888
joanna	3.888
quark	3.888
zyban	3.888
synonyms	3.887
electronica	3.887
stranded	3.886
mitochondrial	3.885
horton	3.885
dolce	3.883
hercules	3.883
pane	3.881
browning	3.881
angular	3.881
veins	3.881
folds	3.881
grinder	3.880
angie	3.880
sneak	3.878
octet	3.878
incorrectly	3.877
avoidance	3.877
cre	3.877
dinosaurs	3.876
sauces	3.876
conquer	3.876
mccoy	3.875
probabilities	3.875
vibe	3.875
immortal	3.873
mariners	3.873
snapshots	3.873
ubc	3.873
endeavor	3.873
creole	3.873
mateo	3.872
meth	3.872
trendy	3.872
teas	3.872
settling	3.872
inpatient	3.870
filming	3.870
badger	3.870
mohammed	3.870
saturdays	3.869
partisan	3.868
fread	3.868
backend	3.868
pri	3.867
gratitude	3.867
impress	3.867
willy	3.866
anon	3.866
eminent	3.866
ribs	3.866
communicated	3.865
exceptionally	3.865
quilts	3.865
cartier	3.865
ageing	3.864
splits	3.864
subscribing	3.864
companions	3.864
cheques	3.864
containment	3.864
keynes	3.863
protections	3.862
edith	3.862
aliases	3.861
maximizing	3.861
screwed	3.860
handsfree	3.860
tomcat	3.860
magna	3.860
walmart	3.859
sectional	3.859
interestingly	3.858
fashionable	3.858
polly	3.858
tidal	3.857
jules	3.857
ballots	3.857
hog	3.857
ernie	3.857
testify	3.856
poole	3.856
boycott	3.856
elem	3.856
vitality	3.856
clerks	3.856
crust	3.855
bothered	3.855
traverse	3.855
vengeance	3.854
organisers	3.854
dolly	3.854
pissed	3.853
garrison	3.853
nite	3.853
sal	3.852
barb	3.852
mckenzie	3.852
lenox	3.852
huns	3.851
miner	3.851
fashions	3.850
darussalam	3.850
genital	3.850
mcse	3.849
barr	3.849
analogy	3.849
insomnia	3.848
constituent	3.848
aura	3.848
cecil	3.848
sponge	3.847
cajun	3.847
csu	3.847
algebraic	3.846
sect	3.846
astm	3.846
diner	3.846
anticipation	3.846
enduring	3.845
scarborough	3.844
kristen	3.844
regis	3.844
fsa	3.844
winters	3.844
nous	3.843
explosives	3.842
mound	3.842
xiv	3.841
backgammon	3.841
sgd	3.841
chromatography	3.840
overdose	3.840
nad	3.839
gallagher	3.839
snatch	3.838
mueller	3.837
mole	3.837
obs	3.837
owed	3.837
ethan	3.836
cao	3.836
ladyboys	3.836
orgasms	3.834
plantronics	3.834
ftd	3.833
kissed	3.833
buff	3.833
freezers	3.832
butcher	3.832
psalms	3.832
rum	3.832
ibiza	3.831
reese	3.831
chefs	3.830
engraving	3.829
digimon	3.829
constituted	3.828
gastrointestinal	3.828
hamlet	3.828
inspiron	3.828
pagerank	3.826
asm	3.825
smb	3.825
contrib	3.824
clad	3.822
excursion	3.822
blu	3.822
matlab	3.822
inverness	3.822
orb	3.821
grange	3.821
netware	3.821
bse	3.820
megapixels	3.820
resigned	3.819
retriever	3.819
fled	3.819
svalbard	3.819
enriched	3.818
harrington	3.818
brandy	3.818
swings	3.818
pixar	3.818
scion	3.818
elle	3.818
reptiles	3.818
dhtml	3.817
vortex	3.817
swallowing	3.817
winme	3.817
purses	3.817
bodily	3.815
func	3.814
xiii	3.812
awe	3.812
gamespy	3.812
beaumont	3.812
standalone	3.811
australasia	3.811
mandy	3.810
hoods	3.810
antitrust	3.809
equine	3.809
bros	3.809
fireplaces	3.809
proto	3.809
jared	3.809
requisite	3.808
retrospective	3.808
emphasizes	3.806
lizard	3.806
hawthorne	3.806
tehran	3.806
bouquets	3.805
dal	3.805
wears	3.804
anesthesia	3.804
shropshire	3.804
baja	3.804
filemaker	3.804
regal	3.803
safeguards	3.802
cabbage	3.802
cub	3.802
libtool	3.801
wrongful	3.801
spectator	3.801
arrests	3.800
circumstance	3.800
signage	3.799
numbering	3.798
psy	3.798
encode	3.798
admins	3.798
moc	3.797
dau	3.797
alvin	3.797
accolades	3.796
raton	3.796
sliced	3.796
reproductions	3.796
stefani	3.795
infertility	3.795
byrd	3.795
sidewalk	3.795
prob	3.795
breaker	3.794
curly	3.793
servlet	3.793
alberto	3.793
collage	3.792
asserted	3.792
aces	3.792
depeche	3.791
benchmarking	3.791
jealous	3.791
refinement	3.790
durban	3.790
learnt	3.790
xxl	3.789
hound	3.789
squirrel	3.789
teleflora	3.789
concealed	3.789
bankruptcies	3.788
gauges	3.788
blueprint	3.787
mccain	3.787
spiderman	3.787
bridging	3.787
wharf	3.786
rhythms	3.786
departures	3.786
flick	3.786
datum	3.785
shotgun	3.785
stimulated	3.785
chickens	3.785
canceled	3.784
langley	3.783
briggs	3.783
cheyenne	3.782
empowering	3.782
lug	3.781
ymca	3.781
surveyor	3.780
facilitator	3.780
bos	3.779
macworld	3.779
wwf	3.779
maize	3.778
galveston	3.778
extinction	3.778
unaware	3.778
rockville	3.778
banff	3.777
discretionary	3.777
smc	3.777
psalm	3.775
serv	3.774
ipo	3.774
tek	3.773
scented	3.773
ipc	3.772
timestamp	3.772
musica	3.771
bib	3.771
gowns	3.771
stevie	3.769
spying	3.769
nicholson	3.769
rivera	3.768
dermatology	3.768
lied	3.768
sandbox	3.767
bloc	3.766
mdt	3.766
pinkworld	3.766
cambridgeshire	3.766
premiership	3.765
luton	3.765
recurrent	3.765
talbot	3.765
conftest	3.765
leaks	3.765
tam	3.765
recursive	3.764
swell	3.764
obstacle	3.764
ville	3.763
registerregister	3.763
fluorescence	3.763
kosher	3.762
mantle	3.762
additives	3.762
chico	3.762
driveway	3.762
irony	3.761
gesture	3.761
fairbanks	3.760
parfum	3.760
marketed	3.759
armies	3.759
hugs	3.758
greenfield	3.756
santos	3.756
owls	3.756
mandrake	3.756
cutters	3.756
camper	3.755
acquires	3.754
cpr	3.754
ceased	3.754
merging	3.754
plaques	3.754
breadth	3.753
mammoth	3.753
liquidity	3.753
convictions	3.752
lasik	3.751
intentional	3.751
galactic	3.751
sophia	3.750
merchandising	3.750
prohibits	3.749
ombudsman	3.749
innings	3.748
registrant	3.748
reorganization	3.748
pronunciation	3.747
firefighters	3.747
placements	3.746
concession	3.746
measurable	3.746
elec	3.745
ami	3.745
parcels	3.745
pastry	3.745
manners	3.745
levin	3.745
academia	3.745
amiga	3.744
phosphorus	3.743
viper	3.743
descriptor	3.743
hid	3.743
volcanic	3.743
gypsy	3.743
thieves	3.742
preaching	3.742
pimp	3.742
repeal	3.742
gimp	3.741
uncovered	3.741
hemp	3.741
eileen	3.740
proficient	3.740
pelican	3.739
cyclic	3.739
swimsuit	3.739
apocalypse	3.739
morphology	3.739
versace	3.738
printprinter	3.738
cousins	3.737
discharges	3.736
giorgio	3.735
condom	3.735
admire	3.734
westerns	3.734
dodgers	3.733
litre	3.733
poured	3.732
usefulness	3.732
unsolicited	3.731
binds	3.730
unveiled	3.729
correlations	3.729
burt	3.729
titus	3.729
textual	3.729
suffix	3.728
handsets	3.728
installment	3.728
gandhi	3.727
spindle	3.727
heavens	3.727
inks	3.727
wink	3.726
diarrhea	3.726
seahawks	3.726
mister	3.726
rounding	3.725
inorganic	3.725
flare	3.725
scholastic	3.724
wight	3.724
mondays	3.724
withholding	3.723
insertions	3.722
itk	3.722
kms	3.721
couture	3.721
foliage	3.721
nod	3.721
ocr	3.719
ativan	3.719
fife	3.719
generals	3.718
crank	3.716
goats	3.715
autographs	3.715
summarize	3.715
stub	3.715
fundamentally	3.714
creamy	3.714
exposition	3.714
savesave	3.713
rains	3.713
buckley	3.713
middleton	3.712
laminated	3.712
organise	3.712
citrix	3.712
tort	3.712
brace	3.712
backups	3.711
novelties	3.710
turismo	3.710
gigantic	3.710
abdul	3.710
sheldon	3.709
ryder	3.709
animalsex	3.709
mayhem	3.708
washers	3.708
grep	3.708
xeon	3.708
polymerase	3.707
optimisation	3.707
octave	3.707
struts	3.707
easyshare	3.707
cvsroot	3.707
suppress	3.705
harding	3.705
dams	3.705
deserved	3.704
violates	3.704
joplin	3.703
dialup	3.703
thn	3.703
rutherford	3.702
afro	3.702
separates	3.702
proofs	3.701
precedent	3.701
biosynthesis	3.701
prosecutors	3.701
confirming	3.701
garth	3.700
nolan	3.700
alloys	3.698
mach	3.698
getaways	3.697
facilitated	3.697
miquelon	3.697
paolo	3.697
metaphor	3.697
bridget	3.697
wonderland	3.696
infusion	3.696
jessie	3.696
organising	3.696
zine	3.694
conn	3.694
truman	3.694
argus	3.694
jin	3.693
mango	3.693
spur	3.693
jubilee	3.692
landmarks	3.692
polite	3.692
sith	3.692
thigh	3.692
asynchronous	3.689
paving	3.689
cyclone	3.689
perennial	3.688
carla	3.688
jacqueline	3.688
seventeen	3.688
messageslog	3.687
meats	3.687
clearinghouse	3.687
wie	3.686
dwi	3.686
bulldog	3.685
cleavage	3.684
analysed	3.684
uma	3.684
gradual	3.684
brethren	3.683
facilitates	3.683
embodiment	3.682
specialised	3.682
ramones	3.682
everquest	3.682
violating	3.682
recruited	3.680
bernstein	3.680
skis	3.680
calc	3.680
marketers	3.680
toilette	3.679
trailing	3.679
pact	3.679
itc	3.679
lipstick	3.678
honourable	3.678
lulu	3.678
windy	3.677
brennan	3.677
kpx	3.677
punished	3.677
saturation	3.677
stamford	3.677
alamo	3.677
chronology	3.676
mastery	3.676
thermometer	3.675
cranberry	3.675
kan	3.674
downhill	3.674
vita	3.674
comcast	3.674
hyderabad	3.673
steer	3.673
nesting	3.672
vogue	3.672
aired	3.672
attn	3.671
spaghetti	3.671
outward	3.671
whisper	3.671
ipswich	3.670
tues	3.670
boogie	3.669
abramoff	3.669
ean	3.669
fla	3.668
compromised	3.667
utilizes	3.667
confession	3.667
deprived	3.666
benedict	3.666
lesbos	3.665
vodka	3.665
molding	3.664
zaire	3.664
fasteners	3.663
bricks	3.663
communism	3.662
leopard	3.662
sakai	3.660
flowering	3.659
wig	3.659
jingle	3.659
bounty	3.659
arcadia	3.659
fishes	3.658
ringing	3.658
knobs	3.658
taurus	3.656
rajasthan	3.656
whiskey	3.655
absurd	3.654
committing	3.654
tolerant	3.652
stoves	3.652
inlog	3.651
enactment	3.650
laminate	3.650
earring	3.650
aggregator	3.650
datatype	3.650
embryo	3.650
postnuke	3.649
ska	3.649
nora	3.647
salts	3.647
marietta	3.647
ergonomic	3.646
furious	3.646
dma	3.646
iteration	3.646
vida	3.645
ceilings	3.645
dispenser	3.645
respecting	3.644
sme	3.643
approving	3.643
unsafe	3.643
refills	3.642
ibis	3.642
yyyy	3.642
separating	3.642
soups	3.641
residing	3.641
unidentified	3.641
atl	3.641
richie	3.640
markings	3.640
ims	3.640
moist	3.640
tractors	3.639
trina	3.639
drained	3.638
spp	3.638
coed	3.638
audiobooks	3.637
mule	3.636
cummings	3.636
sheikh	3.636
hernandez	3.635
kiwi	3.634
ohm	3.634
cessation	3.634
truste	3.634
append	3.634
motive	3.633
pests	3.633
acreage	3.633
seasoned	3.633
sunflower	3.633
duel	3.633
mfc	3.632
fingerprint	3.632
bernardino	3.632
stocked	3.631
sorority	3.630
bethel	3.630
entre	3.630
audition	3.630
mca	3.629
plano	3.629
nmr	3.628
sunderland	3.627
doris	3.627
motives	3.626
reinforcement	3.626
dwight	3.626
lortab	3.625
leveraging	3.624
psychotherapy	3.624
provost	3.624
mso	3.624
guessing	3.623
htm	3.623
stokes	3.623
lakers	3.623
ats	3.623
saxophone	3.622
cocktails	3.622
tal	3.622
mead	3.621
harlem	3.620
throttle	3.620
steroid	3.620
gong	3.619
ber	3.619
communicator	3.618
horticulture	3.618
dhs	3.618
resets	3.618
util	3.618
sympathetic	3.617
fridays	3.617
ordinator	3.617
bono	3.617
isolate	3.617
unconscious	3.616
bays	3.616
acronym	3.614
veritas	3.614
faulty	3.614
affidavit	3.614
breathtaking	3.613
streamline	3.613
crowne	3.612
messiah	3.612
brunch	3.611
infamous	3.611
pundit	3.611
pleasing	3.610
seizures	3.610
appealed	3.610
figurine	3.610
surveyors	3.610
mutants	3.610
cyberspace	3.610
tenacious	3.609
expiry	3.608
exif	3.608
waterfall	3.608
sensual	3.607
persecution	3.607
goldman	3.606
petit	3.606
burgess	3.606
msu	3.605
inning	3.604
gaze	3.604
fries	3.604
chlorine	3.604
freshly	3.604
initialize	3.603
tlc	3.602
saxon	3.602
cabo	3.602
rye	3.602
sybase	3.602
isabella	3.601
foundry	3.601
toxicology	3.601
mpls	3.601
monies	3.600
bodybuilding	3.600
fta	3.599
assassination	3.599
nostalgia	3.598
remarkably	3.597
acetate	3.597
pointe	3.596
stall	3.595
pls	3.595
deere	3.594
bmx	3.593
saratoga	3.593
entirety	3.593
destined	3.593
marcel	3.592
terminator	3.592
lad	3.592
hulk	3.592
badminton	3.590
cyan	3.590
ora	3.590
cory	3.589
bal	3.589
flores	3.588
olivier	3.588
portage	3.587
stacey	3.587
serif	3.587
dwellings	3.587
informing	3.586
yellowstone	3.586
portability	3.584
characterize	3.584
ricardo	3.584
yourselves	3.584
fsb	3.582
yearbook	3.582
rotterdam	3.581
lubricants	3.581
cns	3.581
alameda	3.580
aerosol	3.579
mlm	3.579
clemson	3.579
hostage	3.577
cracker	3.577
anglican	3.577
monks	3.577
compliment	3.577
camino	3.577
storey	3.577
scotch	3.576
sermons	3.576
goin	3.575
philly	3.575
remembers	3.574
coolers	3.574
multilateral	3.574
freddie	3.574
contention	3.574
costello	3.573
audited	3.572
juliet	3.571
adjunct	3.571
guernsey	3.570
galore	3.569
aloha	3.569
dehydrogenase	3.569
bangor	3.568
persia	3.568
axes	3.567
postfix	3.567
stirring	3.567
altavista	3.567
wil	3.566
haze	3.566
pits	3.565
exponential	3.565
utter	3.565
shi	3.564
bottled	3.564
ants	3.564
gev	3.564
gastric	3.563
secretarial	3.562
influencing	3.562
rents	3.562
christy	3.561
theirs	3.561
mattresses	3.560
todays	3.559
donovan	3.559
lax	3.559
toaster	3.559
cater	3.558
colts	3.558
omb	3.558
rehearsal	3.558
strauss	3.558
reputable	3.558
wei	3.557
bac	3.557
tuck	3.557
rei	3.556
slab	3.555
lure	3.555
kart	3.555
ren	3.554
cpl	3.554
sbs	3.554
archbishop	3.554
putin	3.554
questionnaires	3.554
ling	3.553
incompatible	3.553
emblem	3.553
profileprofile	3.552
roadway	3.551
overlapping	3.551
serials	3.551
walters	3.551
dunes	3.551
equivalence	3.550
murders	3.550
vaughn	3.550
aviv	3.549
miserable	3.549
unsuccessful	3.549
condominiums	3.549
decorate	3.549
appleton	3.549
bottoms	3.548
revocation	3.548
vomiting	3.548
chesterfield	3.547
exposing	3.547
pea	3.547
tubs	3.546
simulate	3.546
schematic	3.546
liposuction	3.545
medina	3.545
swf	3.544
apoptosis	3.543
thankful	3.543
pneumatic	3.543
alaskan	3.543
friedrich	3.542
sniper	3.542
vertices	3.542
elephants	3.541
pinch	3.541
additive	3.540
professionalism	3.539
libertarian	3.539
rus	3.538
flynn	3.538
washable	3.538
normalized	3.536
uninstall	3.536
scopes	3.536
fundraiser	3.536
braces	3.535
troll	3.535
calhoun	3.535
teamwork	3.535
deficient	3.535
auditions	3.534
refrigerators	3.534
redirected	3.534
annotations	3.533
middletown	3.533
filth	3.533
moderation	3.532
widgets	3.532
worrying	3.532
ontology	3.532
timberland	3.532
mags	3.532
outrageous	3.532
kraft	3.531
videogames	3.531
concluding	3.531
vallarta	3.530
blackboard	3.530
chopper	3.530
nitrate	3.529
pinball	3.528
pharmacists	3.528
skates	3.527
surcharge	3.527
tbd	3.527
comstock	3.526
hers	3.525
grin	3.525
ipb	3.524
latvian	3.524
asu	3.524
footprint	3.523
installs	3.522
malware	3.522
tunnels	3.521
crises	3.521
trillion	3.521
tsn	3.520
comforter	3.520
cashmere	3.520
heavier	3.520
nguyen	3.520
meteorological	3.520
spit	3.519
labelled	3.519
darker	3.519
salomon	3.519
horsepower	3.518
globes	3.517
algae	3.517
sarbanes	3.517
alcoholism	3.517
dissent	3.517
bdd	3.516
csc	3.516
maximal	3.516
daly	3.515
prenatal	3.515
documenting	3.515
scooby	3.514
choral	3.514
unrestricted	3.514
happenings	3.513
moby	3.513
leicestershire	3.513
neu	3.512
contempt	3.512
socialism	3.512
hem	3.511
leds	3.510
mcbride	3.509
edible	3.509
anarchy	3.509
arden	3.509
clicked	3.508
ineffective	3.508
scorecard	3.507
gln	3.507
beirut	3.507
drawers	3.505
byrne	3.504
conditioners	3.504
acme	3.503
leakage	3.503
culturally	3.502
ilug	3.502
shady	3.502
chemist	3.502
evenly	3.502
janitorial	3.501
reclamation	3.501
rove	3.500
propane	3.500
appendices	3.500
collagen	3.500
lionel	3.500
praised	3.500
rhymes	3.499
blizzard	3.499
erect	3.498
nigerian	3.498
refining	3.498
concessions	3.498
ect	3.497
commandments	3.497
malone	3.497
confront	3.497
sto	3.496
vests	3.496
lydia	3.495
coyote	3.495
makeover	3.495
breeder	3.495
electrode	3.494
esc	3.493
dragonball	3.493
chow	3.493
stp	3.492
cookbooks	3.492
pollen	3.492
drunken	3.491
mot	3.491
avis	3.490
valet	3.490
spoiler	3.490
cheng	3.489
ari	3.489
avr	3.488
lamborghini	3.487
polarized	3.487
shrubs	3.486
watering	3.486
baroque	3.486
ppt	3.486
barrow	3.485
eliot	3.484
jung	3.484
jihad	3.484
transporting	3.483
sharepoint	3.483
rifles	3.482
cts	3.482
abit	3.482
posterior	3.482
aria	3.482
elgin	3.482
excise	3.481
poetic	3.481
abnormalities	3.480
mortar	3.480
qtr	3.480
blamed	3.480
rae	3.480
recommending	3.480
inmate	3.480
dirk	3.479
posture	3.479
thereon	3.478
valleys	3.478
declaring	3.477
blogshares	3.477
motorsport	3.476
septic	3.476
commencing	3.476
armada	3.476
wrench	3.476
thanked	3.476
citroen	3.476
arranging	3.475
thrilled	3.474
bas	3.474
predicts	3.474
amelia	3.473
palmone	3.473
jonah	3.473
expedited	3.472
discomfort	3.472
curricula	3.472
scar	3.472
indictment	3.471
apology	3.471
wmd	3.471
pms	3.471
raped	3.470
collars	3.470
configurable	3.470
andover	3.469
denon	3.469
sloan	3.469
pudding	3.469
flawed	3.469
cfs	3.469
checkpoint	3.469
rosenberg	3.468
ffi	3.468
plato	3.468
examiners	3.468
salzburg	3.467
iriver	3.467
rot	3.466
callaway	3.466
tcm	3.466
possesses	3.465
dorm	3.465
squared	3.464
needless	3.464
pies	3.463
lakeside	3.463
marquette	3.462
palma	3.461
barnett	3.461
interconnection	3.460
gilmore	3.460
prc	3.460
ther	3.460
heterogeneous	3.459
taxis	3.459
hates	3.459
aspirations	3.459
gamefaqs	3.459
fences	3.458
excavation	3.457
cookers	3.457
luckily	3.455
ultraviolet	3.455
rutland	3.455
lighted	3.454
pneumonia	3.454
monastery	3.454
afc	3.452
erected	3.452
expresses	3.452
haitian	3.452
dialing	3.451
migrate	3.451
unicef	3.449
carton	3.448
lorraine	3.448
councillors	3.448
identifiers	3.448
hague	3.447
mentors	3.446
transforms	3.446
ammonia	3.445
steiner	3.445
licensure	3.445
roxy	3.445
outlaw	3.445
tammy	3.444
saws	3.444
bovine	3.443
dislike	3.443
systematically	3.443
ogden	3.442
interruption	3.442
demi	3.442
imminent	3.441
madam	3.441
tights	3.440
compelled	3.440
criticized	3.440
hypertext	3.439
dcs	3.439
soybean	3.439
electra	3.438
affirmed	3.437
posix	3.436
communal	3.436
landlords	3.435
brewers	3.435
emu	3.435
libby	3.435
seite	3.434
dynamite	3.433
tease	3.433
motley	3.433
mci	3.433
aroma	3.433
pierced	3.432
translates	3.432
mais	3.432
retractable	3.432
cognition	3.431
quickbooks	3.431
cain	3.431
townhouse	3.431
verona	3.431
stormwater	3.430
syn	3.430
sgi	3.430
delegated	3.430
coco	3.429
chatting	3.429
punish	3.428
fishermen	3.428
pipelines	3.427
conforming	3.427
causal	3.427
rudy	3.426
stringent	3.426
rowan	3.426
tia	3.425
assigning	3.425
dwell	3.425
hacked	3.424
inaugural	3.424
awkward	3.424
congrats	3.424
msds	3.424
weaving	3.424
metropolis	3.423
arafat	3.423
srl	3.423
psychologists	3.422
diligence	3.422
stair	3.422
splitter	3.422
dine	3.422
wai	3.420
standardization	3.420
enforcing	3.420
lakeland	3.419
thiscategory	3.419
classy	3.419
struggled	3.419
lookout	3.418
arterial	3.418
injustice	3.418
mystical	3.418
acxiom	3.417
triathlon	3.417
ironing	3.417
kbytes	3.416
thx	3.416
commanded	3.416
woodlands	3.414
guardians	3.414
manifesto	3.413
slap	3.413
jaws	3.413
textured	3.413
finn	3.413
doppler	3.412
pedestal	3.412
entropy	3.412
widening	3.412
snooker	3.410
unleashed	3.410
underwood	3.410
saline	3.410
sonny	3.409
longevity	3.409
paw	3.408
lux	3.408
isabel	3.408
nairobi	3.408
sterile	3.408
importer	3.407
isl	3.406
orioles	3.406
botany	3.406
dissolution	3.406
rotor	3.406
pauline	3.406
quart	3.404
theres	3.404
bison	3.404
suppressed	3.404
allegro	3.403
materially	3.402
cit	3.402
amor	3.402
xvi	3.402
fungi	3.402
phyllis	3.401
ttl	3.401
dreamy	3.401
bengal	3.401
backstage	3.400
scrolls	3.400
awakening	3.400
fairies	3.398
prescribe	3.398
lubbock	3.397
greed	3.396
nominate	3.396
sparkle	3.396
autograph	3.396
suvs	3.396
bmp	3.396
migrating	3.395
gasket	3.395
refrain	3.395
lastly	3.394
overcoming	3.394
wander	3.394
kona	3.394
relieved	3.393
firearm	3.393
dss	3.393
luc	3.393
elena	3.392
bam	3.392
closures	3.392
participatory	3.391
intermittent	3.391
ante	3.390
micron	3.390
budgetary	3.390
pcos	3.389
vols	3.389
revolving	3.389
ssk	3.388
bundled	3.387
pantie	3.386
bombers	3.386
covert	3.386
crater	3.385
leah	3.385
favored	3.385
bred	3.385
spongebob	3.384
fractional	3.384
markus	3.384
ideological	3.384
fostering	3.384
wellbutrin	3.383
rheumatoid	3.383
thence	3.382
birthplace	3.382
bleed	3.382
reverend	3.382
transmitting	3.381
swindon	3.381
cabernet	3.380
serie	3.380
sek	3.379
neptune	3.379
dsm	3.379
caucasian	3.379
understandable	3.378
shea	3.378
goblet	3.378
doctorate	3.378
binaries	3.378
inventions	3.378
dea	3.378
slovenian	3.378
practicable	3.377
showdown	3.377
simone	3.377
fronts	3.376
ancestor	3.376
russians	3.375
spc	3.375
potentials	3.374
incur	3.374
tempe	3.373
hklm	3.373
cores	3.373
borrowers	3.372
osx	3.372
canonical	3.371
nodded	3.371
confronted	3.371
believer	3.370
bouvet	3.370
multifunction	3.370
australians	3.370
nifty	3.370
declines	3.369
unveils	3.369
peacock	3.369
utmost	3.369
skeletal	3.369
dems	3.369
oahu	3.369
yates	3.368
leroy	3.368
rollover	3.368
infos	3.367
helpers	3.366
lds	3.366
elapsed	3.366
thanx	3.366
anthrax	3.365
academies	3.365
tout	3.365
shockwave	3.365
gre	3.364
imitation	3.364
harvested	3.364
dab	3.364
hopeful	3.363
furnishing	3.363
negatively	3.362
westlife	3.362
residences	3.362
spinach	3.362
bpm	3.362
liquidation	3.361
predecessor	3.361
tamiflu	3.360
cheeks	3.360
hare	3.360
beasts	3.360
touchdown	3.359
planar	3.359
philanthropy	3.359
adequacy	3.359
iomega	3.358
fetisch	3.357
peanuts	3.357
discovers	3.357
eastman	3.357
franchising	3.357
coppermine	3.357
discard	3.357
cavalry	3.357
ged	3.355
breakers	3.355
quorum	3.355
forwards	3.355
ecard	3.354
prevalent	3.354
plat	3.354
exploits	3.353
dukes	3.352
offended	3.352
trimmed	3.352
ferries	3.351
worcestershire	3.351
faqfaq	3.350
bonn	3.350
muller	3.350
prostitution	3.350
mosque	3.350
fudge	3.349
extractor	3.349
horseback	3.349
vested	3.349
terribly	3.348
earnest	3.347
usergroupsusergroups	3.347
svenska	3.347
pcg	3.346
myocardial	3.346
homme	3.346
clancy	3.346
everytime	3.346
callback	3.345
tory	3.345
encompasses	3.345
rossi	3.344
sander	3.344
oldham	3.344
gonzales	3.344
conductivity	3.343
vor	3.343
confederate	3.343
presumed	3.343
annette	3.342
climax	3.342
blending	3.342
atc	3.342
weave	3.342
vicki	3.341
postponed	3.341
danville	3.340
philosophers	3.340
speeding	3.340
creditor	3.339
exits	3.338
pardon	3.338
sedona	3.338
oder	3.338
skateboarding	3.338
lexisnexis	3.337
abby	3.337
deepthroat	3.337
outback	3.337
teller	3.337
mandates	3.337
siena	3.337
reiki	3.336
biopsy	3.336
peptides	3.336
veil	3.336
peck	3.336
custodian	3.336
dante	3.335
lange	3.335
quarry	3.334
seneca	3.334
oceanic	3.334
tres	3.334
helm	3.333
burbank	3.332
festive	3.332
rosen	3.331
awakenings	3.331
pim	3.330
alla	3.330
preserves	3.330
sediments	3.328
appraiser	3.328
smp	3.328
ingram	3.327
gaussian	3.327
hustler	3.327
jess	3.327
tensions	3.327
secretion	3.326
linkages	3.326
separator	3.326
insult	3.326
scraps	3.325
waived	3.325
cured	3.325
schultz	3.325
buggy	3.325
adr	3.325
concordia	3.325
recon	3.324
kennel	3.324
drilled	3.324
fileplanet	3.324
souvenirs	3.323
royals	3.323
prescribing	3.323
slack	3.323
globalisation	3.322
borland	3.322
pastel	3.322
gin	3.321
nottinghamshire	3.321
differentiate	3.321
strollers	3.320
jays	3.320
uninsured	3.320
picasso	3.320
pilgrim	3.320
vines	3.319
susceptibility	3.319
ambiguous	3.318
mcgill	3.318
disputed	3.317
scouting	3.317
royale	3.316
instinct	3.316
gorge	3.316
righteousness	3.316
carrot	3.316
discriminatory	3.314
opaque	3.314
headquartered	3.314
bullying	3.314
saul	3.313
flaming	3.313
travelodge	3.313
empower	3.312
apis	3.312
marian	3.312
liens	3.312
caterpillar	3.311
hurley	3.311
remington	3.310
pedals	3.309
chew	3.309
teak	3.309
benefited	3.309
prevail	3.309
bitmap	3.309
migraine	3.309
musik	3.309
sli	3.308
undermine	3.307
enum	3.307
omission	3.307
boyle	3.307
lamar	3.306
mio	3.306
diminished	3.305
jonas	3.305
aes	3.305
locke	3.304
cages	3.304
methane	3.304
pager	3.304
snp	3.304
jolla	3.302
aclu	3.302
capitals	3.302
correctness	3.302
westchester	3.302
implication	3.300
pap	3.300
banjo	3.300
shaker	3.300
natives	3.299
tive	3.299
nimh	3.299
quilting	3.299
campgrounds	3.299
adm	3.298
stout	3.298
rewarded	3.298
densities	3.298
isd	3.298
athena	3.298
deepest	3.298
matthias	3.297
tional	3.297
duane	3.297
sane	3.297
turnaround	3.297
climbed	3.296
corrupted	3.296
relays	3.295
navigational	3.295
stargate	3.295
hanna	3.295
husbands	3.295
saskatoon	3.294
cen	3.294
fading	3.293
colchester	3.291
minh	3.291
fingertips	3.291
sba	3.291
rockwell	3.291
persuade	3.290
pepsi	3.288
rea	3.288
roaming	3.287
oversized	3.287
snr	3.287
sibling	3.286
ecs	3.286
determinations	3.286
burberry	3.286
weighed	3.285
ashamed	3.285
concierge	3.285
nrs	3.285
gorilla	3.285
gatherings	3.284
endure	3.284
cfa	3.283
inhibit	3.283
nom	3.283
pps	3.283
cheltenham	3.283
screenplay	3.283
unabridged	3.282
dickens	3.282
ntp	3.281
endpoint	3.281
juniper	3.281
repetition	3.280
labelling	3.280
siberian	3.280
synchronous	3.279
heartland	3.279
preparatory	3.278
cafeteria	3.278
outfitters	3.278
fielding	3.277
dune	3.277
hee	3.277
adler	3.276
opp	3.276
homelessness	3.276
yosemite	3.276
cursed	3.276
opengl	3.275
efficiencies	3.275
blowout	3.275
youths	3.275
tickboxes	3.275
migrants	3.275
massey	3.275
tumble	3.274
oversee	3.274
thresholds	3.274
stare	3.274
unlocking	3.274
missy	3.274
isnt	3.274
waveform	3.273
deficits	3.273
meade	3.273
contradiction	3.272
flair	3.272
helium	3.272
applegate	3.271
wonderfully	3.271
whitewater	3.271
tableware	3.271
bernie	3.271
dug	3.270
workgroup	3.270
congenital	3.270
trojans	3.270
insanity	3.269
clement	3.269
embraced	3.269
cli	3.269
finely	3.269
authenticated	3.269
reformed	3.268
tolerate	3.268
robotic	3.266
mana	3.265
lest	3.265
adhesion	3.265
tic	3.265
mississauga	3.264
dialysis	3.264
filmed	3.264
staten	3.264
carole	3.263
noticeable	3.263
cette	3.263
aesthetics	3.263
schwarzenegger	3.263
smoker	3.262
benign	3.261
hypotheses	3.260
afforded	3.260
aisle	3.260
dunno	3.260
blur	3.259
evidently	3.259
summarizes	3.259
limbs	3.258
unforgettable	3.258
punt	3.258
sludge	3.258
crypto	3.258
christensen	3.256
tanned	3.256
altering	3.256
bunker	3.256
multiplication	3.256
paved	3.255
heavyweight	3.255
lps	3.255
fabricated	3.255
zach	3.255
pdp	3.254
pasture	3.254
phantomnode	3.253
richest	3.252
cruelty	3.252
comptroller	3.251
scalability	3.251
creatine	3.250
mormon	3.250
embl	3.250
minimizing	3.250
scots	3.250
genuinely	3.250
gpo	3.249
neighbouring	3.249
plugged	3.249
tyson	3.249
souvenir	3.248
mifflin	3.248
relativity	3.248
mojo	3.247
econo	3.247
cucumber	3.247
occurrences	3.246
shapiro	3.246
marshal	3.246
rituals	3.246
anders	3.246
seize	3.246
decisive	3.246
spawn	3.246
blanks	3.245
dungeons	3.245
epoxy	3.244
watercolor	3.244
uncensored	3.244
sailors	3.244
stony	3.244
fayette	3.243
trainees	3.242
tori	3.242
shelving	3.242
effluent	3.242
infousa	3.242
annals	3.241
storytelling	3.241
sadness	3.241
periodical	3.241
polarization	3.240
moe	3.240
dime	3.240
losers	3.240
bombings	3.239
punta	3.239
flavour	3.239
smes	3.239
ionamin	3.239
fuckin	3.238
crypt	3.238
charlottesville	3.238
accomplishment	3.238
onwards	3.238
bogus	3.237
carp	3.236
aniston	3.236
prompts	3.236
witches	3.235
barred	3.235
skinner	3.235
equities	3.235
dusk	3.235
nouveau	3.234
customary	3.234
vertically	3.234
crashing	3.233
cautious	3.233
possessions	3.232
feeders	3.232
urging	3.231
jboss	3.231
passions	3.230
faded	3.230
mobil	3.230
scrolling	3.229
counterpart	3.229
utensils	3.229
secretly	3.228
tying	3.228
lent	3.227
diode	3.227
kaufman	3.227
magician	3.226
indulgence	3.226
aloe	3.226
johan	3.225
buckinghamshire	3.225
melted	3.225
lund	3.224
medford	3.224
fam	3.224
nel	3.223
extremes	3.223
puff	3.223
underlined	3.223
whores	3.223
galileo	3.223
bloomfield	3.223
obsessed	3.223
flavored	3.223
gemstones	3.223
bmi	3.222
viewpoints	3.222
groceries	3.221
motto	3.221
exim	3.221
singled	3.220
alton	3.220
appalachian	3.220
staple	3.220
dealings	3.218
phillies	3.218
pathetic	3.217
ramblings	3.217
janis	3.217
craftsman	3.217
irritation	3.216
rulers	3.216
centric	3.216
collisions	3.216
militia	3.215
optionally	3.215
eis	3.215
conservatory	3.215
nightclub	3.214
bananas	3.213
geophysical	3.213
fictional	3.213
adherence	3.213
golfing	3.213
defended	3.213
rubin	3.213
handlers	3.212
grille	3.212
elisabeth	3.212
claw	3.212
pushes	3.212
alain	3.212
flagship	3.212
kittens	3.211
topeka	3.211
openoffice	3.210
illegally	3.210
bugzilla	3.210
deter	3.209
tyre	3.209
furry	3.209
cubes	3.209
transcribed	3.209
bouncing	3.209
wand	3.209
linus	3.208
taco	3.208
mcsg	3.208
humboldt	3.208
scarves	3.208
cavalier	3.208
ish	3.207
rinse	3.207
outfits	3.206
mla	3.206
charlton	3.206
repertoire	3.206
respectfully	3.205
emeritus	3.205
ulster	3.205
macroeconomic	3.205
tides	3.205
chu	3.204
weld	3.202
venom	3.202
gundam	3.202
adaptec	3.202
writ	3.202
patagonia	3.202
dispensing	3.201
tailed	3.201
puppets	3.201
voyer	3.200
tapping	3.200
hostname	3.200
excl	3.199
arr	3.199
typo	3.198
immersion	3.197
explode	3.197
toulouse	3.197
escapes	3.196
berries	3.196
merchantability	3.196
happier	3.196
autodesk	3.196
mummy	3.195
punjab	3.194
stacked	3.194
winged	3.194
brighter	3.193
cries	3.193
speciality	3.193
warranted	3.193
attacker	3.193
ruined	3.193
catcher	3.193
damp	3.193
sanity	3.193
ether	3.192
suction	3.192
haynes	3.192
crusade	3.191
siyabona	3.191
rumble	3.191
inverter	3.191
correcting	3.191
shattered	3.190
abi	3.190
heroic	3.190
motivate	3.190
retreats	3.190
mackay	3.188
formulate	3.188
bridgeport	3.188
assessor	3.188
fullerton	3.187
cpp	3.187
sheds	3.187
blockbuster	3.186
amarillo	3.186
pixmania	3.186
pathfinder	3.186
anomalies	3.186
homogeneous	3.185
bonsai	3.185
windshield	3.185
humphrey	3.184
spheres	3.184
belonged	3.184
tomtom	3.184
spf	3.183
assigns	3.183
croydon	3.183
sofas	3.183
croix	3.183
cushions	3.183
fern	3.183
convection	3.182
jdbc	3.181
defenders	3.181
debugger	3.181
boing	3.181
odessa	3.180
lore	3.180
ancillary	3.179
pointless	3.179
whipped	3.179
vox	3.178
alibris	3.178
dinners	3.178
rosie	3.177
factoring	3.177
genealogical	3.177
gyms	3.177
inhalation	3.176
terre	3.176
selfish	3.176
eventual	3.176
faucet	3.175
nach	3.175
mitigate	3.174
bitpipe	3.173
jamestown	3.172
arguably	3.172
techs	3.172
electives	3.172
walkman	3.172
midget	3.171
elisa	3.171
shelton	3.171
quan	3.170
boiled	3.170
commissioning	3.170
neville	3.170
experimentation	3.170
saltwater	3.169
natasha	3.169
cpi	3.168
endeavour	3.168
roswell	3.168
haute	3.168
herring	3.167
nis	3.166
unfamiliar	3.166
wacky	3.166
expectancy	3.166
deterioration	3.165
sgml	3.165
proclaimed	3.164
arid	3.164
anemia	3.164
biting	3.164
coincidence	3.164
idiots	3.163
mona	3.163
reits	3.163
muddy	3.163
nuevo	3.163
savanna	3.162
crn	3.162
hitchcock	3.162
cid	3.162
travestis	3.162
neighbour	3.161
mmf	3.160
raspberry	3.159
cancellations	3.159
paging	3.159
coe	3.159
nudists	3.159
illusions	3.158
fac	3.158
spikes	3.158
asean	3.158
airsoft	3.158
bontril	3.157
enumeration	3.157
proliant	3.157
keeling	3.157
accesses	3.156
suche	3.156
permissible	3.156
yielded	3.155
nuisance	3.155
jive	3.155
siam	3.155
latent	3.155
marcia	3.154
drowning	3.154
bullshit	3.153
casper	3.153
spun	3.153
shalt	3.153
libstdc	3.153
ric	3.153
loch	3.152
commanding	3.152
sparrow	3.152
poorest	3.152
hector	3.151
xpress	3.151
datasets	3.151
webdesign	3.151
nicotine	3.151
comeback	3.151
brotherhood	3.151
gannett	3.150
milling	3.150
sinking	3.149
sulphur	3.149
curricular	3.149
downtime	3.149
takeover	3.149
wicker	3.149
lolitas	3.149
balm	3.148
thessalonians	3.148
figs	3.148
upto	3.148
browne	3.148
nephew	3.148
confess	3.147
joaquin	3.147
chit	3.147
chaotic	3.147
alexandre	3.147
lays	3.146
principally	3.146
visor	3.146
mundo	3.146
transistor	3.146
jarvis	3.145
drip	3.145
traced	3.145
outright	3.145
melodies	3.144
spotting	3.144
myriad	3.144
stains	3.144
sandal	3.143
rubbing	3.143
naive	3.143
wien	3.143
skeptical	3.143
wagering	3.142
remembrance	3.142
detects	3.141
everest	3.140
disregard	3.140
hanger	3.140
outkast	3.140
dragged	3.139
pitbull	3.139
foreman	3.138
rtf	3.138
allegiance	3.138
fairview	3.138
hires	3.138
conduit	3.137
alienware	3.137
dependable	3.137
mainframe	3.137
echoes	3.137
indo	3.137
compilers	3.137
ladders	3.137
prudent	3.137
glowing	3.137
guinness	3.136
heartbeat	3.136
blazer	3.135
alchemy	3.135
linden	3.135
timezone	3.135
merck	3.135
sven	3.134
tanya	3.134
geographically	3.134
bmc	3.133
alternating	3.133
tristan	3.133
audible	3.133
folio	3.132
eia	3.131
presiding	3.131
mans	3.131
colleen	3.131
bbbonline	3.131
participates	3.130
waterways	3.130
syndicated	3.130
lexicon	3.130
aff	3.129
fractures	3.129
apprenticeship	3.129
childbirth	3.129
dumped	3.128
integers	3.128
zirconia	3.128
barre	3.128
shortages	3.127
plumbers	3.127
rama	3.127
johannes	3.127
fiery	3.126
convex	3.126
jfk	3.126
raf	3.126
richer	3.126
igor	3.126
hama	3.126
mop	3.125
urn	3.125
soleil	3.125
patton	3.124
pei	3.124
surfer	3.124
diapers	3.124
eas	3.124
waco	3.123
physiol	3.123
connor	3.123
adp	3.123
northamptonshire	3.122
biscuits	3.122
disclaims	3.121
sich	3.120
outbound	3.120
breakout	3.119
restless	3.119
unanswered	3.118
paired	3.118
fakes	3.118
stderr	3.118
kev	3.118
fomit	3.117
vaults	3.117
injections	3.116
ahmad	3.116
remortgage	3.116
yogurt	3.115
complies	3.115
tossed	3.115
caucus	3.115
workaround	3.115
cooke	3.113
polytechnic	3.113
pillars	3.113
katy	3.113
zoe	3.112
uber	3.112
overwhelmed	3.112
salute	3.111
shoppe	3.111
parody	3.111
berlios	3.110
csr	3.110
penthouse	3.109
compensated	3.109
synthase	3.109
lacked	3.109
circulated	3.109
soo	3.108
pistons	3.108
emule	3.106
maltese	3.106
sauvignon	3.105
acorn	3.104
bosses	3.104
pint	3.104
ascension	3.104
bayer	3.103
carrera	3.103
ply	3.103
mornings	3.103
dvb	3.102
cation	3.102
mentioning	3.101
scientology	3.101
cdma	3.100
flagstaff	3.100
maxi	3.100
pretoria	3.099
thrive	3.099
msm	3.099
rac	3.099
feminism	3.099
rightly	3.098
paragon	3.098
basal	3.098
topps	3.097
webinar	3.097
dewalt	3.097
turnout	3.097
bruins	3.096
persist	3.096
wilde	3.096
indispensable	3.096
clamps	3.095
illicit	3.095
firefly	3.095
liar	3.094
tabletop	3.093
pledged	3.093
monoclonal	3.092
pictorial	3.092
curling	3.092
ares	3.092
wholesaler	3.092
smoky	3.091
opus	3.091
typekey	3.091
aromatic	3.091
flirt	3.091
slang	3.091
emporium	3.091
princes	3.091
restricting	3.090
partnering	3.090
promoters	3.090
soothing	3.090
freshmen	3.090
mage	3.089
departed	3.089
sqrt	3.089
aristotle	3.089
israelis	3.088
finch	3.088
inherently	3.087
cdp	3.087
krishna	3.087
forefront	3.087
headlights	3.087
monophonic	3.085
largo	3.085
proquest	3.085
amazingly	3.085
plural	3.085
dominic	3.084
sergio	3.084
swapping	3.084
skipped	3.084
hereinafter	3.084
nur	3.084
extracting	3.083
analogous	3.082
mev	3.082
hebrews	3.082
particulate	3.082
tally	3.082
unpleasant	3.082
uno	3.082
tempted	3.082
bedfordshire	3.082
blindness	3.081
creep	3.081
staining	3.080
rockport	3.080
nist	3.080
shaded	3.080
cot	3.080
plaster	3.080
novo	3.080
negotiable	3.079
subcategories	3.079
hearted	3.079
quarterback	3.079
obstruction	3.079
agility	3.079
complying	3.078
sudbury	3.078
otis	3.077
overture	3.077
newcomers	3.077
hectares	3.077
upscale	3.077
scrabble	3.076
noteworthy	3.076
agile	3.076
sdn	3.075
mta	3.075
sacks	3.075
docbook	3.074
kiosk	3.074
ionic	3.074
stray	3.073
runaway	3.073
slowing	3.073
firstgov	3.073
hoodie	3.072
hoodia	3.071
payout	3.071
clinically	3.071
watchers	3.070
supplemented	3.070
poppy	3.070
monmouth	3.069
metacritic	3.069
obligated	3.069
frenzy	3.069
decoding	3.069
jargon	3.068
kangaroo	3.068
sleeper	3.068
elemental	3.068
presenters	3.068
teal	3.067
unnamed	3.067
epstein	3.067
doncaster	3.066
particulars	3.066
jerking	3.066
weblogic	3.065
ity	3.065
bungalow	3.065
covington	3.065
bazaar	3.065
esd	3.065
interconnect	3.065
predicate	3.065
recurrence	3.064
chinatown	3.064
mindless	3.064
purifier	3.064
recruits	3.064
sharper	3.064
tablespoons	3.063
greedy	3.062
rodgers	3.062
gloryhole	3.060
supervise	3.060
termed	3.059
frauen	3.059
suppl	3.058
stamping	3.058
coolest	3.058
reilly	3.057
hotjobs	3.057
downing	3.057
gnd	3.056
libc	3.056
basque	3.056
societal	3.056
astros	3.056
ire	3.056
halogen	3.056
pegasus	3.055
silhouette	3.055
wyndham	3.055
osu	3.055
tuesdays	3.054
dorado	3.054
daring	3.054
realms	3.054
maestro	3.054
turin	3.054
gus	3.054
utp	3.053
superpages	3.053
forte	3.053
coaxial	3.053
tipping	3.053
jpy	3.053
holster	3.052
fiddle	3.052
crunch	3.051
leipzig	3.051
liam	3.050
sesso	3.050
bard	3.050
kellogg	3.050
arabidopsis	3.050
reap	3.049
argv	3.049
hanoi	3.049
ccm	3.048
faucets	3.047
ballistic	3.047
exemplary	3.046
payouts	3.046
rockin	3.046
caliber	3.046
apostle	3.045
playful	3.045
supermarkets	3.045
bmg	3.045
icelandic	3.045
multiplied	3.044
enchanted	3.043
belgrade	3.043
styled	3.043
nacional	3.043
commanders	3.042
csv	3.042
telstra	3.042
thor	3.042
waive	3.042
contraception	3.042
bethany	3.041
polaroid	3.041
vance	3.041
soprano	3.041
polishing	3.041
marquis	3.040
underage	3.039
cardio	3.039
wen	3.039
translating	3.039
frontiers	3.036
timeshares	3.036
atk	3.036
logger	3.034
adjoining	3.034
greet	3.034
acclaim	3.033
kool	3.033
oki	3.033
birding	3.032
hardship	3.031
detainees	3.031
hast	3.031
indi	3.031
lymph	3.030
barrie	3.029
pollutant	3.029
closeouts	3.029
miriam	3.028
cavaliers	3.028
rollers	3.028
carleton	3.027
pumped	3.027
tolkien	3.027
differentiated	3.027
sonia	3.027
undp	3.027
verifying	3.027
jbl	3.027
almighty	3.027
weekday	3.026
homecoming	3.025
increments	3.025
kurdish	3.025
vel	3.025
intuition	3.025
revoked	3.025
openness	3.024
chromium	3.024
circulating	3.024
bryce	3.023
ilo	3.023
latch	3.023
mccormick	3.023
verbs	3.022
drank	3.022
pcm	3.020
confrontation	3.020
shreveport	3.020
grower	3.020
frederic	3.020
darlington	3.020
slippery	3.019
unpredictable	3.019
galerie	3.019
dtd	3.018
capacitor	3.017
outpost	3.016
burnett	3.016
hilfiger	3.016
mda	3.016
litres	3.016
moroccan	3.016
seville	3.016
mira	3.015
nightwish	3.015
chatter	3.015
hess	3.015
wheaton	3.015
santo	3.015
lettuce	3.013
raging	3.013
tidy	3.013
motorized	3.012
jong	3.012
subgroup	3.012
oppression	3.011
chevelle	3.011
vets	3.010
bows	3.009
yielding	3.009
assays	3.009
torso	3.009
occult	3.009
expeditions	3.008
nok	3.008
hooker	3.008
ramon	3.007
longhorn	3.007
lorenzo	3.007
beau	3.007
backdrop	3.007
subordinate	3.007
lilies	3.006
aerobic	3.006
articulate	3.006
vgroup	3.006
ecstasy	3.006
sweetheart	3.006
fulfil	3.006
calcutta	3.005
thursdays	3.005
dansk	3.005
tenerife	3.005
hobbs	3.005
mayen	3.004
mediator	3.004
oldmedline	3.004
dunlop	3.004
caa	3.004
tad	3.003
modernization	3.003
cultivated	3.003
rang	3.003
disconnected	3.002
consulate	3.002
fourier	3.002
businessman	3.002
watersports	3.002
lucent	3.002
wilkes	3.001
commuter	3.001
orthopedic	3.001
disagreement	3.001
hhs	3.000
strands	3.000
tyrosine	3.000
sicily	3.000
compost	3.000
shenzhen	3.000
adjourned	2.999
familiarity	2.999
initiating	2.998
erroneous	2.998
grabs	2.998
erickson	2.997
marlin	2.997
pulses	2.997
theses	2.997
stuffing	2.997
casserole	2.997
canoeing	2.996
cca	2.996
jeux	2.996
wilton	2.995
ophthalmology	2.995
flooded	2.995
geile	2.994
clubhouse	2.994
reverted	2.993
crackers	2.993
greyhound	2.993
corsair	2.993
ironic	2.992
licensees	2.992
wards	2.992
unsupported	2.991
evaluates	2.991
hinge	2.991
svg	2.991
ultima	2.990
cockpit	2.990
protesters	2.990
fernandez	2.990
venetian	2.989
mvc	2.989
sleazydream	2.989
patti	2.988
sew	2.987
carrots	2.987
faire	2.986
laps	2.986
memorials	2.986
sennheiser	2.986
resumed	2.985
sheehan	2.984
conversely	2.984
emory	2.984
stunt	2.984
maven	2.984
excuses	2.984
commute	2.984
staged	2.984
vitae	2.983
transgender	2.983
hustle	2.983
stimuli	2.983
customizing	2.983
subroutine	2.983
upwards	2.982
witty	2.982
pong	2.982
transcend	2.982
loosely	2.982
anchors	2.981
hun	2.981
hertz	2.981
atheist	2.980
capped	2.979
oro	2.979
myr	2.979
bridgewater	2.979
firefighter	2.979
liking	2.978
preacher	2.978
propulsion	2.978
complied	2.977
intangible	2.977
westfield	2.976
compassionate	2.976
catastrophic	2.976
fuckers	2.975
blower	2.975
substitutes	2.975
tata	2.975
flown	2.975
frau	2.975
dubbed	2.975
silky	2.975
giclee	2.974
groovy	2.974
vows	2.974
reusable	2.974
macy	2.973
actuarial	2.973
distorted	2.972
nathaniel	2.972
attracts	2.972
bern	2.972
qualifies	2.972
grizzly	2.972
helpline	2.971
micah	2.971
erectile	2.971
timeliness	2.971
obstetrics	2.970
chaired	2.970
agri	2.970
repay	2.970
hurting	2.969
homicide	2.969
prognosis	2.969
colombian	2.968
pandemic	2.968
await	2.968
mpc	2.968
fob	2.968
sparse	2.967
corridors	2.967
sont	2.967
mcdowell	2.967
fossils	2.966
victories	2.966
dimage	2.966
chemically	2.966
fetus	2.966
determinants	2.965
compliments	2.965
durango	2.965
cider	2.964
noncommercial	2.964
opteron	2.964
crooked	2.964
gangs	2.964
segregation	2.964
superannuation	2.963
nemo	2.963
ifs	2.963
overcast	2.962
inverted	2.962
lenny	2.962
achieves	2.962
haas	2.961
wimbledon	2.961
documentaries	2.961
mpa	2.961
rao	2.961
remake	2.960
arp	2.960
braille	2.960
forehead	2.959
physiopathology	2.957
skye	2.957
seperate	2.957
econpapers	2.957
arxiv	2.957
pax	2.957
kalamazoo	2.957
taj	2.957
percy	2.957
scratches	2.956
conan	2.956
lilac	2.956
sinus	2.956
maverick	2.955
intellect	2.954
charmed	2.954
denny	2.954
harman	2.954
hears	2.954
wilhelm	2.954
nationalism	2.954
pervasive	2.953
auch	2.953
enfield	2.952
anabolic	2.952
nie	2.951
allegra	2.951
lexar	2.951
clears	2.950
videotape	2.950
educ	2.950
knowingly	2.949
pivot	2.949
amplification	2.949
larsen	2.948
huron	2.948
snippets	2.947
undergraduates	2.947
conserv	2.947
digestion	2.947
dustin	2.947
wsop	2.947
mixtures	2.946
composites	2.946
wolverhampton	2.946
soaring	2.945
dragging	2.945
virtues	2.945
banning	2.945
flushing	2.945
deprivation	2.944
cpt	2.944
delights	2.944
gauteng	2.944
foreword	2.944
glide	2.944
transverse	2.944
ftc	2.944
watertown	2.943
pathogens	2.943
engagements	2.942
mft	2.942
withstand	2.942
uefa	2.942
newbury	2.941
authorizes	2.941
blooms	2.941
soar	2.941
jacking	2.940
radiohead	2.940
uniformly	2.940
ooh	2.940
subsections	2.939
todos	2.939
definately	2.939
bod	2.939
piedmont	2.939
yin	2.938
tiki	2.938
empowered	2.938
homepages	2.937
asi	2.937
lena	2.937
outlying	2.937
slogan	2.936
subdivisions	2.936
handouts	2.936
deducted	2.936
ezekiel	2.935
totaling	2.935
elijah	2.935
cpm	2.934
marvelous	2.934
bop	2.934
asnblock	2.934
compton	2.934
stretches	2.933
vigorous	2.933
biloxi	2.933
flee	2.932
biscuit	2.932
creme	2.932
submits	2.931
woes	2.931
waltz	2.930
menace	2.930
emerges	2.929
classify	2.929
paige	2.928
downstairs	2.928
statesman	2.928
indymedia	2.928
clapton	2.928
cheerful	2.928
blush	2.928
beyonce	2.928
smf	2.928
leaflet	2.928
monde	2.928
weymouth	2.928
nabble	2.927
spherical	2.927
intracellular	2.927
infoworld	2.927
favourable	2.926
informs	2.926
boyz	2.926
dramas	2.925
cher	2.925
waltham	2.925
geisha	2.925
billiard	2.924
aut	2.924
dblp	2.924
briefcase	2.924
malay	2.923
unseen	2.923
mcmahon	2.923
optimism	2.923
silica	2.922
kara	2.922
mcgregor	2.922
modal	2.922
marlboro	2.922
grafton	2.922
unusually	2.922
phishing	2.922
addendum	2.922
widest	2.922
foia	2.921
impotence	2.921
medley	2.921
cadet	2.921
redskins	2.920
kirsten	2.920
temper	2.920
yorker	2.920
memberlistmemberlist	2.920
gam	2.920
intravenous	2.920
ashcroft	2.919
asserts	2.919
loren	2.918
stew	2.918
newsfeed	2.918
hereafter	2.918
carbs	2.918
retiring	2.917
smashing	2.917
yakima	2.917
accumulate	2.917
realtones	2.917
xtc	2.917
vdata	2.916
interpro	2.916
tahiti	2.916
engadget	2.916
tracey	2.916
wac	2.916
mariner	2.916
collier	2.915
hush	2.915
darfur	2.915
fragmentation	2.914
behavioural	2.914
kiev	2.914
paranormal	2.914
whispered	2.913
generosity	2.913
vibrating	2.913
glossaries	2.912
sonyericsson	2.912
lama	2.912
artisan	2.912
akin	2.912
raphael	2.912
dex	2.912
lola	2.911
embarrassing	2.911
emoticons	2.911
carbohydrates	2.911
aqueous	2.911
pembroke	2.910
hms	2.910
norwood	2.910
appetizers	2.910
stockholders	2.910
webmin	2.910
lillian	2.910
stylesheet	2.909
goldstein	2.909
splinter	2.909
ibn	2.909
wnba	2.908
preferable	2.908
englewood	2.908
juices	2.907
ironically	2.907
morale	2.907
morales	2.907
solder	2.907
trench	2.907
asf	2.906
persuasion	2.906
hottie	2.906
stripper	2.906
practise	2.906
pfc	2.906
adrenaline	2.906
mammalian	2.904
opted	2.904
lodged	2.904
revolt	2.904
meteorology	2.904
analyzes	2.903
renders	2.903
pioneering	2.903
pristine	2.902
francaise	2.902
ctx	2.902
shines	2.902
catalan	2.902
spreadsheets	2.902
regain	2.902
resize	2.901
auditory	2.901
applause	2.900
medically	2.900
tweak	2.900
mmm	2.900
trait	2.900
popped	2.900
busted	2.899
alicante	2.898
basins	2.898
farmhouse	2.897
pounding	2.897
picturesque	2.896
ottoman	2.896
graders	2.896
shrek	2.896
eater	2.895
universidad	2.895
tuners	2.895
utopia	2.894
slider	2.894
insists	2.894
cymru	2.894
fprintf	2.894
willard	2.894
irq	2.894
lettering	2.894
dads	2.893
marlborough	2.893
sdl	2.893
ebusiness	2.893
pouring	2.893
hays	2.892
cyrus	2.892
concentrating	2.892
soak	2.892
buckingham	2.892
courtroom	2.892
hides	2.892
goodwin	2.891
manure	2.891
savior	2.890
dade	2.890
secrecy	2.889
wesleyan	2.888
baht	2.888
duplicated	2.888
dreamed	2.887
relocating	2.887
fertile	2.886
hinges	2.886
plausible	2.886
creepy	2.886
synth	2.886
filthy	2.886
subchapter	2.886
ttf	2.885
narrator	2.885
optimizations	2.885
infocus	2.885
bellsouth	2.884
sweeney	2.884
augustus	2.883
aca	2.883
fpo	2.883
fahrenheit	2.883
hillside	2.883
standpoint	2.882
layup	2.882
laundering	2.882
nationalist	2.882
piazza	2.882
fre	2.882
denoted	2.881
nazis	2.881
cumfiesta	2.881
oneself	2.881
royalties	2.881
newbies	2.881
mds	2.880
piles	2.880
abbreviation	2.880
vaginas	2.880
blanco	2.879
critiques	2.879
stroll	2.879
anomaly	2.879
thighs	2.879
boa	2.878
expressive	2.878
infect	2.878
bezel	2.878
avatars	2.878
pers	2.878
twiztid	2.878
dotted	2.877
frontal	2.877
havoc	2.877
ubiquitous	2.877
arsenic	2.877
synonym	2.877
facilitation	2.876
ncr	2.876
voc	2.875
yer	2.875
rts	2.874
doomed	2.874
applets	2.873
francs	2.872
ballad	2.872
pdfs	2.871
sling	2.871
contraction	2.871
cac	2.871
devised	2.871
teh	2.870
explorers	2.870
billie	2.870
undercover	2.870
substrates	2.870
evansville	2.870
joystick	2.870
knowledgebase	2.869
forrester	2.869
ravens	2.868
xoops	2.868
rican	2.868
underline	2.868
obscene	2.868
uptime	2.867
dooyoo	2.867
spammers	2.867
mes	2.866
hymn	2.866
continual	2.865
nuclei	2.865
gupta	2.865
tummy	2.865
axial	2.865
slowed	2.865
aladdin	2.865
tolerated	2.864
quay	2.864
aest	2.864
outing	2.864
instruct	2.864
wilcox	2.863
topographic	2.863
westport	2.863
overhaul	2.863
majordomo	2.863
peruvian	2.863
indemnity	2.862
lev	2.862
imaginative	2.861
weir	2.861
wednesdays	2.861
burgers	2.861
rai	2.861
remarked	2.861
portrayed	2.860
watchlist	2.860
clarendon	2.859
campers	2.859
phenotype	2.859
countrywide	2.858
ferris	2.858
julio	2.858
affirm	2.858
directx	2.857
spelled	2.857
epoch	2.857
mourning	2.857
resistor	2.857
phelps	2.856
aft	2.855
bhd	2.855
plaid	2.855
audubon	2.855
fable	2.854
rescued	2.854
commentsblog	2.854
snowmobile	2.854
exploded	2.854
publ	2.853
cpg	2.853
padres	2.853
scars	2.852
whisky	2.852
tes	2.852
uptown	2.852
susie	2.852
subparagraph	2.851
batter	2.851
weighting	2.851
reyes	2.851
rectal	2.851
vivian	2.851
nuggets	2.851
silently	2.851
pesos	2.850
shakes	2.850
dram	2.850
mckinney	2.850
impartial	2.850
hershey	2.850
embryos	2.849
punctuation	2.849
initials	2.849
spans	2.849
pallet	2.849
pistols	2.849
mara	2.848
garages	2.848
sds	2.848
tanner	2.847
avenues	2.847
urology	2.847
dun	2.846
aforementioned	2.846
rihanna	2.846
tackling	2.845
obese	2.845
compress	2.845
apostles	2.845
melvin	2.844
sober	2.844
collaborations	2.844
tread	2.844
legitimacy	2.844
zoology	2.844
steals	2.843
unwilling	2.843
lis	2.843
isolates	2.842
velcro	2.841
worksheets	2.841
avaya	2.841
srs	2.840
wigan	2.840
hua	2.840
abba	2.840
orig	2.839
paddy	2.838
huskies	2.837
frey	2.837
loyola	2.837
plunge	2.837
pearce	2.837
gartner	2.836
vos	2.836
sinister	2.835
xda	2.835
burr	2.834
arteries	2.834
strapon	2.834
chaser	2.833
formations	2.833
vantage	2.832
texans	2.832
diffuse	2.832
boredom	2.832
norma	2.831
astra	2.831
expasy	2.831
crosse	2.831
overdrive	2.831
mondo	2.831
ripley	2.831
phosphorylation	2.830
helpless	2.830
cfo	2.830
depletion	2.830
neonatal	2.830
mclaren	2.829
wyatt	2.829
rowling	2.829
vhf	2.828
flatbed	2.828
spades	2.828
slug	2.828
visionary	2.827
coffin	2.827
otter	2.827
golfers	2.826
lira	2.826
navajo	2.826
earns	2.826
amplified	2.825
recess	2.825
dispersed	2.825
technics	2.824
shouted	2.824
damien	2.824
clippers	2.823
shilling	2.823
resemble	2.822
spirited	2.822
carbonate	2.821
mimi	2.821
staa	2.821
discriminate	2.821
stared	2.821
recharge	2.820
crocodile	2.820
openid	2.819
sassy	2.819
demux	2.818
ratification	2.818
ribosomal	2.818
tdk	2.818
vases	2.818
filmmakers	2.818
transnational	2.817
advises	2.817
sind	2.817
coward	2.817
paralegal	2.817
spokesperson	2.817
fha	2.816
teamed	2.816
preset	2.816
inequalities	2.816
iptables	2.816
pocketpc	2.816
garde	2.815
nox	2.815
jams	2.815
pancreatic	2.815
tran	2.815
manicures	2.814
dyes	2.814
sca	2.813
tls	2.813
prweb	2.813
holloway	2.813
viz	2.813
turbulence	2.813
cdrw	2.813
yell	2.812
fins	2.812
plz	2.811
nadu	2.811
ritchie	2.810
underwriting	2.810
dresser	2.810
rulemaking	2.810
rake	2.810
valentino	2.809
ornamental	2.809
riches	2.808
resign	2.808
prolyte	2.808
millenium	2.808
collectable	2.808
stephan	2.808
aries	2.808
ramps	2.808
tackles	2.808
injunction	2.808
intervene	2.807
poised	2.807
dsa	2.807
barking	2.806
walden	2.806
josephine	2.806
dread	2.805
dag	2.805
catchment	2.805
targus	2.805
tactic	2.805
ess	2.804
partitioning	2.804
voicemail	2.804
acct	2.804
handwriting	2.804
shimano	2.804
serpent	2.803
lingere	2.803
tapped	2.803
articulated	2.803
pitched	2.803
parentheses	2.803
contextual	2.802
qwest	2.801
jira	2.801
cerevisiae	2.801
wisely	2.801
accustomed	2.801
bremen	2.800
steaks	2.800
dyson	2.800
playhouse	2.800
superficial	2.800
toxins	2.800
camaro	2.800
suns	2.799
josef	2.799
casts	2.798
bunk	2.798
cryptography	2.798
stab	2.798
sanction	2.798
dyer	2.798
effected	2.798
signalling	2.798
daycare	2.798
murakami	2.798
tubular	2.797
merriam	2.797
moi	2.797
ode	2.797
scorpio	2.797
attr	2.797
avoids	2.796
richter	2.795
emp	2.795
ultrasonic	2.795
evidenced	2.795
heinz	2.795
argos	2.794
dit	2.794
larvae	2.794
dyke	2.794
ashford	2.794
intergovernmental	2.794
cassidy	2.793
paranoid	2.793
kernels	2.793
mobilization	2.792
dino	2.792
xvid	2.792
dmoz	2.792
amt	2.792
ivtools	2.792
barron	2.791
wilkins	2.791
snorkeling	2.790
chilean	2.790
avs	2.790
suny	2.790
gifs	2.789
qualifier	2.789
manipulated	2.789
hannover	2.789
alleviate	2.789
fungal	2.789
ligand	2.789
seam	2.788
aust	2.788
peoplesoft	2.788
freelists	2.788
riddle	2.787
coastline	2.787
comedies	2.787
fainter	2.786
omit	2.786
respectful	2.785
flamingo	2.785
cabaret	2.785
deformation	2.785
orf	2.784
recession	2.784
pfizer	2.783
assembler	2.783
awaited	2.783
renovations	2.783
nozzle	2.782
externally	2.782
needy	2.782
genbank	2.782
broadcasters	2.782
employability	2.781
wheeled	2.781
booksellers	2.780
noodles	2.780
darn	2.780
diners	2.779
greeks	2.778
retardation	2.778
supervising	2.778
freeport	2.778
lyme	2.777
corning	2.777
prov	2.777
reich	2.777
dishnetwork	2.777
armored	2.777
amg	2.777
weary	2.777
solitary	2.776
claremont	2.776
moo	2.775
photographed	2.775
tweed	2.775
snowy	2.774
pianist	2.774
emmanuel	2.773
acapulco	2.773
surrounds	2.773
knocking	2.772
cosmopolitan	2.772
magistrate	2.772
everlasting	2.772
cpe	2.772
childs	2.772
pigment	2.771
faction	2.771
tous	2.771
bizkit	2.770
argentine	2.770
blogosphere	2.769
endocrine	2.769
scandinavia	2.769
minnie	2.769
resp	2.768
genie	2.768
carlsbad	2.767
ammo	2.767
bling	2.767
chars	2.767
linn	2.767
mcguire	2.767
utilisation	2.766
rulings	2.766
sst	2.766
handel	2.765
geophysics	2.765
microscopic	2.764
clarified	2.764
coherence	2.764
slater	2.764
broccoli	2.764
foreach	2.764
oakwood	2.763
sensations	2.763
orphan	2.763
conferred	2.763
mcgee	2.762
kissimmee	2.762
acp	2.762
disturbances	2.762
chandelier	2.762
linker	2.762
embryonic	2.762
tetris	2.762
carver	2.761
paterson	2.760
tds	2.760
delle	2.760
graceful	2.760
synchronized	2.759
intercept	2.759
hsbc	2.759
shellfish	2.759
shouts	2.759
ascertain	2.759
astoria	2.758
veto	2.758
trajectory	2.757
epsilon	2.757
exhaustive	2.757
annoyed	2.756
bureaucracy	2.756
knowles	2.756
astrophysics	2.756
paz	2.755
stalls	2.755
fined	2.755
bien	2.755
hansard	2.755
inward	2.755
reflector	2.755
greeted	2.755
lai	2.755
hartley	2.754
defenses	2.754
meaningless	2.753
authorisation	2.753
clam	2.753
vampires	2.752
relocate	2.752
nerd	2.752
francesco	2.752
hes	2.752
georg	2.751
dac	2.751
negligible	2.751
starch	2.751
melinda	2.750
godfather	2.750
apron	2.750
glazing	2.750
guts	2.750
ros	2.750
pragmatic	2.749
tyranny	2.749
provisioning	2.748
warehouses	2.748
mnt	2.748
regimen	2.748
axel	2.747
expandable	2.747
antony	2.747
hahn	2.747
maserati	2.747
fluffy	2.746
marianne	2.746
slender	2.746
hereford	2.745
bender	2.745
reliably	2.745
aides	2.745
forma	2.745
fas	2.745
sendo	2.744
absorbing	2.743
cherries	2.743
hasbro	2.743
gaelic	2.743
gomez	2.743
alec	2.743
corba	2.743
polski	2.742
distinguishing	2.742
multidisciplinary	2.742
ventricular	2.742
glazed	2.742
judd	2.741
dashed	2.740
petersen	2.740
libyan	2.740
dickson	2.740
distressed	2.740
bans	2.739
macquarie	2.739
shouting	2.739
pta	2.739
poy	2.738
mao	2.738
bullock	2.738
villagers	2.738
transferable	2.737
yummy	2.737
acknowledgments	2.737
ethiopian	2.737
momma	2.736
lehigh	2.736
mermaid	2.736
buds	2.736
concordance	2.735
greenberg	2.735
trish	2.735
sexes	2.734
wilder	2.734
sire	2.734
centred	2.733
confinement	2.733
islanders	2.733
ding	2.733
uncover	2.733
contested	2.733
coma	2.733
husky	2.732
conserve	2.732
bland	2.732
electrodes	2.731
svcd	2.731
cron	2.731
darth	2.731
abatement	2.731
cramer	2.731
yup	2.731
originator	2.730
ching	2.730
whipping	2.730
skipping	2.730
melanoma	2.730
thug	2.729
routed	2.728
rudolph	2.728
abigail	2.728
missionaries	2.728
yugoslav	2.728
householder	2.726
occ	2.726
cpan	2.726
plotting	2.726
yan	2.725
succeeding	2.725
bizjournalshire	2.724
